Concern,Status,Stage,Also called,Trigger,Consultative,Fact sheet url,Our documentation doc,What does it support,Householder PlanX priority,Open planning software,HMLR Local land charges,CON29,Development plans (inc. Local Plans),Development consent orders (NSIP),Development management,Infrastructure Delivery Strategies,Biodiversity Net Gain,Environmental planning assessment,Historic Environment Record,Environmental outcome report,Planning Inspectorate,Street votes,Site allocations,"Bringing together housing, land and planning geospatial datasets",Description,Policy team,Legislation,Boundary,Point,Metric,Document,Category,Needs a standard,Who is responsible / officially designates,Authoritative source,Where we're getting data from,Expected number of sources,Expected number of records,Frequency of data updates,Related planning considerations,Dataset name,National dataset documentation page,URL of national dataset,License,Personal/sensitive information?,Who asked for it,issue-number,discussion-number,specification-url
3G/ 4G/ 5G coverage,Backlog,Backlog,,,,,,,,,,,,,,,,,,,,,,,Coverage of mobile phone networks,,"Access to Telecommunications
Networks Bill 2023-24",✓,,✓,,,,,,,,,,,,,,,,,,,
Abandoned mines,Backlog,Backlog,,,,,,,,,,,,,,,,,,,,,,,Areas where mining has previously taken place but is no longer in use,,The Mines (Notice of Abandonment) Regulations 1998,✓,,,,,,,Coal Authority,,,,,,,,,,,,,,
Advertisments,Archived,Archived,,,,,,,,,,,,,,,,,,,,,,,Areas where hoardings or similar are used for advertising,,,,,,,,Yes,,Local planning authorities,,,,,,,,,,,,,,
Agricultural land classification,Backlog,Backlog,,,,,,,,,,,,,,,,,,,,,,✓,A system that grades the quality of land for agricultural use,,PPG for the Natural Environment,✓,,✓,,,,,Natural England,,,,,,Provisional Agricultural Land Classification,https://naturalengland-defra.opendata.arcgis.com/datasets/Defra::provisional-agricultural-land-classification-alc-england/about,https://services.arcgis.com/JJzESW51TqeY9uat/arcgis/rest/services/Provisional Agricultural Land Classification (ALC) (England)/FeatureServer/0/query?outFields=*&where=1%3D1&f=geojson,ogl3,No,,,,
Air quality index,Backlog,Backlog,,,,,,,,,,,,,,,,,,,,,,,"Tool to show pollution levels in a particular site or region, through determining the concentration of Nitrogen Dioxide, Sulphur Dioxide, Ozone, Particles < 2.5µm (PM2.5), Particles < 10µm (PM10)",,,✓,,✓,,,,,DEFRA,,,,,,,,,,,,,,
Air quality management areas,Prioritised backlog,Screen,Air quality management locations,✓,,https://docs.google.com/document/d/1TU0-gSBKGoc6XJMtm_ccB1W3z2zb_1SvVakfn2yiE4w/edit#heading=h.9rwg3m580tpf,,Modern planning software,,,,,,,,,,✓,,,,,,,Areas where air pollution levels have exceeded the national air quality objectives,,The Environment Act 1995,✓,,,✓,,,,DEFRA,,Single,Small,,,,,,,,Environmental planning assessment,,55,
Air quality management locations,Backlog,Archived,Air quality management areas,,,,,Modern planning software,,,,,,,,,,✓,,,,,,,Locations of air quality monitoring sites,,,✓,,,,,Yes,,DEFRA;Local planning authorities,,Single,Small,,,,,,,,Environmental planning assessment,,,
Allotments,Backlog,Backlog,,,,,,,,,,,,,,,,✓,,,,,,,"Land used by communities for growing vegetables, fruit, herbs or flowers which is not for profit",,,✓,,,,,,,Local planning authorities,Local planning authorities,,,,,,,,,,Environmental planning assessment,,,
Ancient and Veteran Trees,Backlog,Backlog,Veteran trees,,,,,,,,,,,,,,,,,,,,,,"A tree that is of interest biologically, culturally or aesthetically because of its age, size or condition",,"Natural England, Forestry Commission",✓,,,,,,,"Natural England, The Tree Council, The Woodland Trust, The Forestry Commission",,,,,,,,,,,,,,
Ancient woodlands,On the platform,On the platform,,,,,,Modern planning software,,✓,,,,✓,,,,✓,,,,,,✓,Areas that have been wooded continuously since at least 1600 AD,,,✓,,,,,No,,Natural England;Local Environmental Records Centres;British Geological Survey;Envionment Agency,Natural England,Multiple,Medium,Monthly,,Ancient Woodland (England),https://data.gov.uk/dataset/9461f463-c363-4309-ae77-fdcd7e9df7d3/ancient-woodland-england,https://opendata.arcgis.com/datasets/a14064ca50e242c4a92d020764a6d9df_0.geojson,,,Development consent orders (NSIP);Environmental planning assessment,17,32,
Archaeological remains,Backlog,Backlog,,,,,,,,,,,,,,,,,,,,,,,"Sites where archaeological remains are discovered, and require conservation",,Ancient Monuments and Archaeological Areas Act 1979,✓,,,,,,,,,,,,,,,,,,,,,
Area habitats,Backlog,Backlog,,,,,,,,,,,,,,,✓,,,,,,,,Habitats recorded in the biodiversity metric tool in area (hectares) used to calculate BNG.,,The Environment Act 2021,✓,,✓,,,,,,,,,,,,,,,,The biodiversity metric 4.0 and small sites metric GIS data standard,,,
Area of archaeological importance,Backlog,Backlog,,,,,,,,,,,✓,,✓,,,,,,,,,,Areas designated to protect archaeological remains from being damaged or destroyed,,Ancient Monuments and Archaeological Areas Act 1979,✓,,,,,,,,"Canterbury City Council, Chester West and Chester Council, Exeter City Council, Hereford City Council, City of York Council",Multiple,Small,,,,,,,,,,,
Area of deficiency in access to nature,Backlog,Backlog,,,,,,,,,,,,,,,,,,,,,,,Areas over 1km walking distance from Sites of importance for Nature Conservation (SINCs),,,✓,,,,,,,,Greenspace for Greater London (GiGL),Multiple,Medium,,Sites of Importance to Nature Conservation,,,,,,,,,
Area of deficiency in access to public open space,Backlog,Backlog,,,,,,,,,,,,,,,,,,,,,,,Areas over specific walking distance from each of the categories of public open space as set out within the London Plan,,The London Plan,✓,,,,,,,,Greenspace for Greater London (GiGL),Multiple,Medium,,,,,,,,,,,
Areas for environmental enhancement,Archived,Archived,,,,,,,,,,,✓,,,,,,,,,,,,Areas where new habitats for wildlife will be created or restored,,,✓,,,,,Yes,,Local planning authorities,,Multiple,Small,,,,,,,,Local plans,,,
Areas of outstanding natural beauty,On the platform,On the platform,"Protected sites, AONB, National Landscape",,,,,Modern planning software,,✓,,,✓,,,,,,,✓,,,,,Land protected by law to conserve and enhance its natural beauty,,Countryside and Rights of Way Act (2000) (CROW),✓,,,,,No,,Natural England,Natural England,Single,Small,,,Areas of Outstanding Natural Beauty (England),https://naturalengland-defra.opendata.arcgis.com/datasets/areas-of-outstanding-natural-beauty-england,https://opendata.arcgis.com/datasets/6f2ad07d91304ad79cdecd52489d5046_0.geojson,,,Local plans,19,31,
Areas which would benefit from flood defences,Backlog,Backlog,,,,,,,,,,,,✓,,,,✓,,,,,,✓,Areas that would benefit from the presence of defences in a 1 percent fluvial / 0.5 percent tidal flood event.,,,✓,,,,,,,Natural Resources Wales,,,,,,,https://ckan.publishing.service.gov.uk/dataset/flood-map-for-planning-rivers-and-sea-areas-benefiting-from-defences,,,,Development consent orders (NSIP);Environmental planning assessment,,,
Article 4 Directions,Piloting,On the platform,,,,,,Modern planning software,,✓,,,✓,,,,,,,,,,,,An Article 4 direction is made by the local planning authority to remove all or some of the permitted development rights on a site in order to protect it,,Town and Country Planning (General Permitted Development) (England) Order 2015 ,✓,,,✓,,Yes,,Local planning authorities,Local planning authorities,Multiple,Large,Ad-hoc,,,,,,,Open planning software,9,30,https://digital-land.github.io/specification/specification/article-4-direction/
Assets of community value,Backlog,Screen,,,,https://docs.google.com/document/d/1oVoOh4kaLaSeOVXOwfrTpaCfO_Ev3UadR-tQzTe0iBQ/edit,,,Low,✓,,,✓,,,,,,,,,,,,Buildings or pieces of land that are used for the social wellbeing and interests of the local community,,The Assets of Community Value (England) Regulations 2012,✓,,,✓,✓,Yes,,Local planning authority,,,,,,,,,,,,,,
Authorised landfill sites,Backlog,Backlog,,,,,,,,,,,,,,,,,,✓,,,,,"Areas of land that are used to dump rubbish, either directly on the ground or filling in an unwanted hole",,,✓,,,,,,,Environment Agency,,,,,,,,,,,Environmental planning assessment,,,
Battlefields,On the platform,On the platform,,,,,,,,,,,✓,✓,,,,✓,,,,,,,Areas registered with Historic England as a battlefield of historical significance,,,✓,,,,,No,,Historic England,Historic England,Single,Small,,,Registered Battlefields,https://historicengland.org.uk/listing/the-list/data-downloads,https://historicengland.org.uk/content/data-downloads-gis/battlefields/,,,Development consent orders (NSIP);Environmental planning assessment,,,
Best and most versatile agricultural land,Backlog,Backlog,,,,,,,,,,,,✓,,,,✓,,,,,,,Land considered the most capable of growing crops for food and non-food uses,,Town and Country Planning (Development Management Procedure (England) Order) (DMPO) 2015,✓,,,,,,,DEFRA,,,,,,,,,,,Development consent orders (NSIP);Environmental planning assessment,,,
BGS geological indicators of flooding,Archived,Archived,,,,,,,,,,,,,,,,,,,,,,,,,,,,,,,,,British Geological Survey,,,,,,,,,,,,,,
BGS geological map scans,Archived,Archived,,,,,,,,,,,,,,,,,,,,,,,,,,,,,,,,,British Geological Survey,,,,,,,,,,,,,,
BGS Geology 10k,Archived,Archived,,,,,,,,,,,,,,,,,,,,,,,,,,,,,,,,,British Geological Survey,,,,,,,,,,,,,,
BGS Geology 250k,Archived,Archived,,,,,,,,,,,,,,,,,,,,,,,,,,,,,,,,,British Geological Survey,,,,,,,,,,,,,,
BGS Geology 25k,Archived,Archived,,,,,,,,,,,,,,,,,,,,,,,,,,,,,,,,,British Geological Survey,,,,,,,,,,,,,,
BGS Geology 50k,Archived,Archived,,,,,,,,,,,,,,,,,,,,,,,,,,,,,,,,,British Geological Survey,,,,,,,,,,,,,,
BGS Geology 625k,Archived,Archived,Geology 625k,,,,,,,,,,,,,,,,,,,,,,,,,,,,,,,,British Geological Survey,,,,,,,,,,,,,,
BGS Geology: superficial thickness,Archived,Archived,,,,,,,,,,,,,,,,,,,,,,,,,,,,,,,,,British Geological Survey,,,,,,,,,,,,,,
BGS groundwater flooding,Archived,Archived,,,,,,,,,,,,,,,,,,,,,,,"Areas where groundwater flooding could occur or where groundwater may come close to the ground surface in England, Wales and Scotland",,,,,,,,,,British Geological Survey,,,,,,,,,,,,,,
BGS infiltration Sustainable Drainage Systems (SuDS),Archived,Archived,,,,,,,,,,,,,,,,,,,,,,,An initial indication of the suitability of the ground for infiltration SuDS,,,,,,,,,,British Geological Survey,,,,,,,,,,,,,,
BGS mineral resources,Archived,Archived,,,,,,,,,,,,,,,,,,,,,,,The geological distribution of all onshore mineral resources,,,,,,,,,,British Geological Survey,,,,,,,,,,,,,,
BGS mining hazards (not including coal),Backlog,Backlog,,,,,,,,,,,,,,,,,,,,,,,The potential for hazards due to underground (non-coal) mining,,,✓,,,,,,,British Geological Survey,,,,,,,,,,,,,,
BGS permeability,Archived,Archived,,,,,,,,,,,,,,,,,,,,,,,‘Permeability’ refers to whether and how water can flow through a rock. This data is often used in studies of groundwater and in particular during investigations of pollution or aquifer contamination,,,,,,,,,,British Geological Survey,,,,,,,,,,,,,,
BGS soil chemistry for environmental assessments,Backlog,Backlog,,,,,,,,,,,,,,,,,,,,,,,"Identification of potentially harmful elements (PHEs) that under certain circumstances can be harmful to plants, animals or people",,,✓,,✓,,,,,British Geological Survey,,,,,,,,,,,,,,
Biodiversity net gain,Backlog,Backlog,,,,,,,,,,,,,,,✓,,,,,,,,Biodiversity net gain (BNG) is a strategy to develop land and contribute to the recovery of nature. It's a way of making sure the habitat for wildlife is in a better state than it was before development,,The Environment Act 2021,✓,,✓,✓,,,,,,,,,,,,,,,,,,
Biodiversity net gain assessments,Backlog,Backlog,,,,,,,,,,,,,,,✓,,,,,,,,A biodiversity net gain assessment compares baseline conditions to post-development plans. Biodiversity net gain is achieved if the post-development plans provide a net improvement to the biodiversity of a site,,The Environment Act 2021,✓,,✓,✓,,Yes,,Local planning authorities,,,,,,,,,,,,,,
Biosphere reserves,Backlog,Backlog,,,,,,,,,,,,,,,,,,,,,,,Areas where local people model how we can live with nature and use its resources sustainably. They are designated by UNESCO (United Nations Educational Scientific and Cultural Organisation),,,✓,,,,,,UNESCO,UNESCO,,,,,,,,,,,,,,
BLDGS (Buildings),Backlog,Backlog,,,,,,,,,,,,,,,,,,,,,,,Tall buildings over 50m,,,✓,,,,,,,,,,,,,,,,,,,,,
Borehole scans,Archived,Archived,Wellmaster hydrogeological database index,,,,,,,,,,,,,,,,,,,,,,"Scanned images of the records of all onshore Great Britain (or near shore) boreholes, trial pits, shafts and wells",,,,,,,,,,British Geological Survey,,,,,,,,,,,,,,
Bowling greens,Backlog,Backlog,,,,,,,,,,,,,,,,,,✓,,,,,"Areas of very smooth, short grass on which the game of bowls or lawn bowling is played",,,✓,,,,,,,Ordnance Survey,,,,,,,,,,,Environmental planning assessment,,,
Britpits mines & quarries,Backlog,Backlog,,,,,,,,,,,,,,,,,,,,,,,"BritPits (an abbreviation of British Pits), include both surface and underground mineral workings, such as mines, quarries, oil wells, gas wells, ash and desulphogypsum plants.",,,✓,,,,,,,British Geological Survey,,,,,,,,,,,,,,
Broadband speed,Backlog,Backlog,,,,,,,,,,,,,,,,,,,,,,,Coverage of broadband availability,,The Electronic Communications (Universal Service) (Broadband) Order 2018,✓,,✓,,,,,,,,,,,,,,,,,,,
Brownfield land,On the platform,On the platform,,,,,,Modern planning software,,,,,✓,✓,,,,,,,,,,✓,Previously developed land that's no longer being used,Development Management,https://www.legislation.gov.uk/uksi/2017/403/contents/made,✓,✓,,✓,,Yes,,Local planning authorities,Local planning authorities,Multiple,Large,Annually,Planning applications & decisions;Site allocations,,,,,,Development consent orders (NSIP),12,28,https://digital-land.github.io/specification/specification/brownfield-land/
Building preservation notices,On the platform,On the platform,,,,,,,,,,,✓,,,,,,,,,,,,A notice to stop un-listed buildings of special architectural or historic interest from being demolished or altered in a way that affacts the character of the building,,,✓,,,✓,,,,Historic England,Historic England,Single,Small,,,,,,,,Local plans,,,
Built up areas,Archived,Archived,,,,,,,,,,,,,,,,,,,,,,✓,"Land which is characteristic of a village, town or city",,,✓,,,,,,,,,,,,,,https://data.gov.uk/dataset/15e3be7f-66ed-416c-b0f2-241e87668642/built-up-areas-december-2011-boundaries-v2,,,,,,,
Canals,Backlog,Backlog,Watercourses,,,,,,,,,,,,,,,,,,,,,,Human-made waterways that allow boats and ships to pass from one body of water to another ,,,✓,,,,,,,Canal and Riover Trust,,,,,,,,,,,,,,
CASI and LiDAR habitat,Backlog,Backlog,LiDAR habitat,,,,,,,,,,,✓,,,,,,,,,,✓,"A habitat map derived from airborne data, specifically CASI and LIDAR data. The habitat map is a polygon shapefile showing site relevant habitat classes, for sites where data is available.",,,✓,,,,,,,Environment Agency,,,,,,,https://ckan.publishing.service.gov.uk/dataset/casi-and-lidar-habitat-map,,,,Development consent orders (NSIP),,,
CASI multispectral imagery,Archived,Archived,,,,,,,,,,,,,,,,,,,,,,,,,,,,,,,,,Environment Agency,,,,,,,,,,,,,,
Cemetery,Backlog,Backlog,,,,,,,,,,,,,,,,,,✓,,,,,A cemetery provided and maintained by a burial authority,,,✓,,,,,,,Local Authorities,,,,,,,,,,,Environmental planning assessment,,,
Central activty zones,On the platform,On the platform,,,,,,,,✓,,,,,,,,,,,,,,,Central areas of London with implications for planning designated by the Greater London Authority (GLA),,,✓,,,,,,,Greater London Authority,Greater London Authority;Local planning authorities,Multiple,Small,,,,,,,,Open planning software,,,
Central government buildings,Archived,Archived,,,,,,,,,,,,✓,,,,,,,,,,✓,Buildings that the UK central government owns or occupies,,,✓,,,,,,,,,,,,,,,https://www.data.gov.uk/dataset/c186e17f-654d-4134-aed7-b3f13469546a/central-government-welsh-ministers-and-local-government-including-property-and-land,,,Development consent orders (NSIP),,,
Certificate of immunity,On the platform,On the platform,,,,,,,,,,,✓,,,,,,,,,,,,A guarantee that a building or buildings will not be newly listed or given a building preservation notice for the next 5 years,,The Planning (Listed Buildings and Conservation Areas) Act 1990,✓,✓,,,,,,Historic England,Historic England,Single,Small,,,,,,,,Local plans,,,
Clinics,Backlog,Backlog,,,,,,,,,,,,,,,,,,,,,,,Buildings which people can go to for medical care or advice,,,✓,,,,,,,NHS,,,,,,,,,,,,,,
Coal Authority managed tips,Backlog,Backlog,,,,,,,,,,,,,,,,,,,,,,,Disused colliery tip sites owned and managed by the Coal Authority ,,,✓,,,,,,,Coal Authority,,,,,,,,,,,,,,
Coal Authority Mine water treatment schemes,Backlog,Backlog,,,,,,,,,,,,,,,,,,,,,,,Locations where mine water is treated to improve water quality in polluted rivers,,,✓,,,,,,,Coal Authority,,,,,,,,,,,,,,
Coal Authority Risk Area,Backlog,Backlog,Development risk and coal resource areas,✓,,,,,,,,,,,,,,,,,,,,,Areas which contain recorded features which could cause risk from the legacy of coal mining operations,,,✓,,,,,,,Coal Authority,,,,,,,,,,,,,,
Coalfield,Backlog,Backlog,,,,,,,,,,,✓,,,,,,,,,,,,A coal mining area that could contain unrecorded hazards,,,✓,,,,,,Coal Authority,Coal Authority,,,,,,,,,,,Local plans,,,
Coalfield consultation area,Backlog,Backlog,,,,,,,,,,,,,,,,,,,,,,,Areas where the Coal Authority recommends a mining search report is required for property conveyancing or development,,,✓,,,,,,,Coal Authority,,,,,,,,,,,,,,
Coastal change management areas,Backlog,Backlog,,,,,,,,,,,,,,,,,,,,,,,Areas identified as likely to be affected by physical change to the shoreline through erosion,,The NPPF and PPG on Flood Risk and Coastal Change,✓,,,,,,,Natural England,,,,,,,,,,,Local plans,,,
Coastal storm surge flood risk areas,Backlog,Backlog,,,,,,,,,,,,,,,,,,,,,,,A storm surge is a change in sea level that is caused by a storm. They can lead to extensive flooding and are dangerous for people living in many coastal areas.,,,✓,,,,,,,Environment Agency,,,,,,,,,,,,,,
Coastal topographic surveys,Backlog,Backlog,,,,,,,,,,,,,,,,,,,,,,,"Surveys covering beaches, dunes, cliffs, saltmarshes and coastal defence structures",,,✓,,,,,,,Environment Agency,,,,,,,,,,,,,,
COMAH – major hazard sites,Backlog,Archived,Control of major accident and hazard sites,,,,,,,,,,✓,,,,,,,,,,,,Sites storing or handling large quantities of chemicals or hazardous substances that are covered by the Control of Major Accident Hazards (COMAH) Regulations ,,,✓,,,,,,,Health and Safety Executive,,Multiple,Small,,,,,,,,Local plans,,,
Common land and village greens,Backlog,Backlog,,,,,,,,,,,,,,,,,,,,,,,"Areas of open space that have been used for recreation by the inhabitants of the town, village or parish for generations  ",,Commons Act 2006,✓,,,,,,,Natural England,Local Planning Authorities,,,,,,,,,,,,,
Community halls,Backlog,Backlog,,,,,,,,,,,,,,,,,,,,,,,Community halls are available to the public for community-related recreational activities.,,,✓,,,,,,,"Local Planning Authorities, Neighbourhood/Town/Parish Councils",,,,,,,,,,,,,,
Community infrastructure levy (CIL) charging zones,Backlog,Backlog,,✓,✓,,,,,,,,,,,,,,,,,,,,The Community Infrastructure Levy (CIL) is a charge which can be levied by local authorities on new development. It only applies in areas where a local authority has consulted on and approved a charging schedule which sets out those charges,,The Community Infrastructure Levy Regulations 2010,✓,,✓,✓,,Yes,Local Planning Authorities,"Local Planning Authorities, Neighbourhood Forums in the case of Neighbourhood CIL","Local Planning Authorities, Neighbourhood Forums in the case of Neighbourhood CIL",Multiple,Large,Ad hoc,,,,,,,,,,
Completion notices,Backlog,Backlog,,,,,,,,,,,,,,,,,,,,,,,Documents that set a date when work on a new building or conversion should be complete,,Local Government Act 2003,✓,,,✓,,Yes,Local Planning Authorities,Local planning authorities,,,,,,,,,,,,,,
Compulsory purchase orders,Backlog,Backlog,,,,,,,,,,,,,,,,,,,,,,,Orders that allow a public authority to acquire land without the consent of the owner,,Compulsory Purchase Act 1965,✓,,✓,✓,,Yes,,Local planning authorities,,Multiple,Large,Ad hoc,,,,,,,,,,
Conservation areas,Piloting,On the platform,,✓,,,,Modern planning software,,✓,,,✓,✓,,,,✓,,,,,,,An area of special architectural or historic interest with a character or appearance that must be preserved or enhanced ,,,✓,,,✓,,Yes,,Local planning authorities,Local planning authorities; Historic England; Digital Land,Multiple,Large,,Local land charge,,,,,,Open planning software;Development consent orders (NSIP);Environmental planning assessment,8,33,https://digital-land.github.io/specification/specification/conservation-area/
Contaminated land,On the platform,Backlog,Special Sites,,,,,,,,,,,,,,,,,,,,,,"Land where substances are causing or could cause:

- significant harm to people, property or protected species
- significant pollution of surface waters (for example lakes and rivers) or groundwater
- harm to people as a result of radioactivity",,Part 2A of the Environmental Protection Act 1990 / The Contaminated Land (England) Regulations 2006,✓,,,,,,,Environment Agency / Local Planning Authority,,,,,,,,,,,,,,
Contravention of building notices,Archived,Archived,,,,,,,,,,,,,,,,,,,,,,,"Notices requiring work that does not comply with building regulations to be pulled down or removed, or for additional work to be carried out to make it comply",,,,,,,,Yes,,Local planning authorities,,,,,,,,,,,,,,
Control of major accident and hazard sites,Backlog,Backlog,COMAH,,,,,,,,,,,,,,,,,,,,,,Sites storing or handling large quantities of chemicals or hazardous substances that are covered by the Control of Major Accident Hazards (COMAH) Regulations ,,Control Of Major Accident Hazards Regulations 2015 (COMAH),✓,,,✓,,,,Health and Safety Executive (HSE),,,,,,,,,,,,,,
Council wards,Backlog,Backlog,,,,,,,,,,,,,,,,,,,,,,✓,Local areas that have been divided for voting purposes,,,✓,,,,,,,,,,,,,,https://beta.ordnancesurvey.co.uk/products/boundary-line,,,,,,,
Country parks,Backlog,Backlog,,,,,,,,,,,,,,,,,,✓,,,,✓,Areas of countryside set aside for public recreation,,,✓,,,,,,,DEFRA,,,,,,,https://data.gov.uk/dataset/e729abb9-aa6c-42c5-baec-b6673e2b3a62/country-parks-england,,,,Environmental planning assessment,,,
Countryside stewardship scheme agreements,Backlog,Backlog,,,,,,,,,,,,,,,,,,,,,,,"Previous agreements that provided financial incentives for farmers, foresters and land managers to look after and improve their environments",,The Countryside Stewardship (England) (Amendment) Regulations 2023,✓,,,✓,,,,DEFRA,,,,,,,,,,,,,,
County Council,Backlog,Backlog,,,,,,,,,,,,,,,,,,,,,,,"Local government tier, often having the role of minerals and waste planning authority, highways authority and statutory consultee.",,,✓,,,,,,,,,,,,,,,,,,,,,
Cropland,Backlog,Backlog,,,,,,,,,,,,,,,✓,,,,,,,,Areas of land used for growing crops,,,✓,,,,,,,,,,,,,,,,,,,,,
Crossrail route,Archived,Archived,,,,,,,,,,,,,,,,,,,,,,,"Train route linking Reading and Heathrow in the west with Shenfield and Abbey Wood in the east, via tunnels under central London",,,,,,,,,,Crossrail,,,,,,,,,,,,,,
Crossrail stations,Archived,Archived,,,,,,,,,,,,,,,,,,,,,,,"Stations on the train route linking Reading and Heathrow in the west with Shenfield and Abbey Wood in the east, via tunnels under central London",,,,,,,,,,Crossrail,,,,,,,,,,,,,,
Design codes,On the platform,Co-design,Design Guides,,,,,LURA;Modern planning software;Faster local plans,,,,,,,,,,,,,,,,,Geographical areas covered by a design code,,Levelling Up and Regeneration Act (2023),✓,,,✓,,Yes,,Local planning authorities,,,,,,,,,,,Local planning authorities;Office for place,3,27,https://digital-land.github.io/specification/specification/design-code/
Designated neighbourhood forums,Backlog,Backlog,,,,,,,,,,,,,,,,,,,,,,,Organisations or groups empowered to lead the neighbourhood planning process in a neighbourhood area where there is no town or parish council,,"The Neighbourhood Planning (General) Regulations 2012, The Localism Act 2011",✓,,,,,,,Local planning authorities,,,,,,,,,,,,,,
Designated open space,Backlog,Backlog,,,,,,,,,,,,,,,,,,,,,,,Land laid out as a public garden or used for the purposes of public recreation,,,✓,,,,,,,Local planning authorities,,,,,,,,,,,,,,
Developer contributions,On the platform,On the platform,,,,,,,,,,,,,,✓,,,,,,,,,Financial or physical contributions from developers towards the cost of providing appropriate infrastructure and services to support their development,Infrastucture Funding,The Town and Country Planning Act 1990 ,✓,✓,,✓,✓,Yes,,Local planning authorities,Local planning authorities,Multiple,Large,Annually,Planning applications & decisions,,,,,,,16,34,https://digital-land.github.io/specification/specification/developer-contributions/
Development consent order boundary,Archived,Archived,,,,,,,,,,,,✓,,,,,,,,,,,"The boundary of the nationally significant infrastructure project (NSIP), which has been granted planning consent through the development consent order (DCO) process.",,,,,,,,,,,,,,,,,,,,,,,,
Development corporation,Backlog,Backlog,,,,,,,,,,,,,,,,,,,,,,,"Statutory bodies set up to regenerate a designated area - once designated, they become the planning authority",,"The Localism Act 2011, The Cities and Local Government Devolution Act 2016 ",✓,,,,,,,,,,,,,,,,,,,,,
Development plans and timetables,In development,Test and iterate,,,,,,Faster local plans,,,,,✓,,,,,,,,,,,,The status of emerging local plans for local planning authorities,Local Plans,,✓,,,✓,✓,Yes,,Local planning authorities;Planning inspectorate,,,,,,,,,,,New local plan policy team,2,26,https://digital-land.github.io/specification/specification/development-plan/
Doorstep greens,Backlog,Backlog,,,,,,,,,,,,,,,,,,,,,,,New or renovated areas of public open space close to people’s homes that can be enjoyed permanently by the local community,,,✓,,,,,,,Natural England,,,,,,,,,,,,,,
Drainage agreements and consents,Backlog,Backlog,,,,,,,,,,,,,,,,,,,,,,,"Agreements in place to drain buildings in combination into an existing sewer through a private sewer, or consent for a building, or building extension to be built over or near a drain, sewer or disposal main",,,✓,,,,,Yes,,Local planning authorities,,,,,,,,,,,,,,
Dune slack likely locations,Archived,Archived,,,,,,,,,,,,,,,,,,,,,,,Likely locations and boundaries of dune slacks (a depression in the coastal dune system) for sites around England,,,,,,,,,,Environment Agency,,,,,,,https://ckan.publishing.service.gov.uk/dataset/dune-slack-likely-locations,,,,,,,
Early years provision,Backlog,Backlog,,,,,,,,,,,,,,,,,,,,,,,"Education and childcare provision for children under 5 through nurseries, private, voluntary and independent (PVI) providers, including childminders",,"Childcare Act 2016, Childcare Act 2006.",✓,,,,,,,County Council,,,,,,,,,,,,,,
Employment allocations,Backlog,Backlog,,,,,,,,,,,✓,,,,,,,,,,,,Sites that have been identified for employment use,,,✓,,✓,✓,,,,,,,,,,,,,,,,,,
Energy and renewable statistics,Backlog,Backlog,,,,,,,,,,,,,,,,,,✓,,,,,,,,✓,,✓,,,,,BEIS,,,,,,,,,,,Environmental planning assessment,,,
Energy performance certificates,Backlog,Backlog,,,,,,,,,,,,✓,,,,,,,,,,✓,"Certificates that contain:

- information about a property’s energy use and typical energy costs
- recommendations about how to reduce energy use and save money
- an energy efficiency rating from A (most efficient) to G (least efficient), valid for 10 years",,"The Energy Performance of Buildings (England and Wales) Regulations 2012
",✓,,✓,,,,,,,,,,,,,,,,Development consent orders (NSIP),,,
Enterprise zone,Backlog,Backlog,,,,,,,,,,,✓,,,,,,,,,,,,Areas where commercial and industrial businesses can get incentives to set up or expand,,,✓,,,,,Yes,,Local planning authorities,,,,,,,,,,,,,,
Environmental & pollution notice,Archived,Archived,,,,,,,,,,,,,,,,,,,,,,,Notice issuing penalties for environmental crimes,,,,,,,,Yes,,Local planning authorities,,,,,,,,,,,,,,
Environmental outcome reports,Backlog,Backlog,,,,,,,,,,,,,,,,,,✓,,,,,"A system of assessing environmental impacts from development, plans, projects and policies",,,✓,,,,,,,,,,,,,,,,,,,,,
Environmental pollution incidents,Backlog,Backlog,,,,,,,,,,,,,,,,,,,,,,,"Events that may cause harm or potential harm to an environmental aspect (air, water, land, wildlife or local habitat)",,Environmental Protection Act 1990,✓,,,,,,,Environment Agency,,,,,,,,,,,,,,
Environmentally sensitive areas,Backlog,Backlog,,,,,,,,,,,,✓,,,,,,,,,,✓,"Agricultural areas which need special protection because of its landscape, wildlife or historical value. ",,Section 18 of the 1986 Agriculture Act,✓,,,,,,,Natural England,,,,,,,https://data.gov.uk/dataset/a5b0ccc4-a144-4027-91fa-49084ff07da2/environmentally-sensitive-areas-england,,,,Development consent orders (NSIP),,,
Essex Wildlife Trust reserves,Backlog,Backlog,,,,,,,,,,,,,,,,,,,,,,,Nature reserves and discovery centres managed and protected by Essex Wildlife Trust,,,✓,,,,,,,Biological Record Centres,,,,,,,,,,,,,,
Existing railway network,Backlog,Backlog,,,,,,,,,,,,,,,,,,,,,,,The existing railway network.,,,✓,,,,,,,Department for Transport,,,,,,,,,,,,,,
Explosive and ordnance storage,Archived,Archived,,,,https://docs.google.com/document/d/13TarVxC94K5M49_LfJyr2EHW9rZT0_cPsJ_u8fVWNrw/edit#heading=h.lb9do641w06g,,,Low,✓,,,,,,,,,,,,,,,,,,,,,,,,,,,,,,,,,,,,,,,
Fast food exclusion zone,Backlog,Backlog,,,,,,,,,,,,,,,,,,,,,,,Zones where fast food outlets are banned because they'd be within 400m of schools and other places where children congregate ,,,✓,,,,,,,,,,,,,,,,,,,,,
Fibre to the premises (FTTP),Backlog,Backlog,,,,,,,,,,,,,,,,,,,,,,,"Also known as ultrafast full fibre broadband, this involves laying fibre optic cables directly from the broadband exchange into homes, offering speeds of up to 1,000Mb (megabits per second) – around 30 times faster than standard fibre",,The Levelling Up White Paper 2022,✓,,✓,,,,,,,,,,,,,,,,,,,
Fire and rescue stations,Backlog,Backlog,,,,,,,,,,,,,,,,,,,,,,,"Buildings which store firefighting equipment, such as fire engines and hoses, as well as providing working and living spaces for firefighters and support staff",,,✓,,,,,,,,,,,,,,,,,,,,,
Flood risk area,Backlog,Backlog,,,,,,Modern planning software,,,,,,,,,,,,✓,,,,,Areas where there is a risk of flooding from rivers or the sea,,,✓,,,,,,,,,,,,,,,,,,Environmental planning assessment,,,
Flood risk zone 1,Backlog,Screen,,,,https://docs.google.com/document/d/1mc5UMRPGDU6ba7hNMPDqczdvB4Geu0Mm2aN19GRmASg/edit#heading=h.lb9do641w06g,,Modern planning software,High,✓,,,,,,,,,,,,,,,An area with a less than 0.1% (1 in 1000) chance of flooding from rivers or the sea,,,✓,,,,,,,,,,,,,,,,,,,,,
Flood risk zones,On the platform,On the platform,,,,,,Modern planning software,,✓,,,✓,✓,,,,✓,,,✓,,,✓,Areas at risk from flooding from rivers or the sea,,,✓,,,,,No,,"Environment Agency, Lead Local Flood Authorities",,,,,,,,,No Licence Provided,,,,46,
Flood risk zones 2,Archived,Archived,,,,,,Modern planning software,,✓,,,✓,✓,,,,✓,,,✓,,,✓,An area with between 0.1% (1 in 1000) and 1% (1 in 100) chance of flooding from rivers or between 0.1% (1 in 1000) and 0.5% (1 in 200) chance of flooding from the sea,,,✓,,,,,No,,,,,,Weekly,,Flood Map for Planning (Rivers and Sea) - Flood Zone 2,https://ckan.publishing.service.gov.uk/dataset/flood-map-for-planning-rivers-and-sea-flood-zone-2,https://environment.data.gov.uk/arcgis/rest/services/EA/FloodMapForPlanningRiversAndSeaFloodZone2/MapServer/0,No Licence Provided,,Open planning software;Development consent orders (NSIP);Environmental planning assessment,5,46,
Flood risk zones 3,Archived,Archived,,,,,,Modern planning software,,✓,,,✓,✓,,,,✓,,,✓,,,✓,"An area with a 1% (1 in 100) or greater chance of flooding from rivers, or a 0.5% (1 in 200) or greater chance of flooding from the sea ",,,✓,,,,,No,,,,,,Weekly,,,https://ckan.publishing.service.gov.uk/dataset/flood-map-for-planning-rivers-and-sea-flood-zone-3,,No Licence Provided,,Open planning software;Development consent orders (NSIP);Environmental planning assessment,6,46,
Flood risk zones 3b,Prioritised backlog,Screen,,,,,,Modern planning software,High,✓,,,,,,,,,,,,,,,"Flood risk zone 3b, or the 'functional floodplain' is land where water has to flow or be stored in times of flooding, often to protect downstream communities from flooding.",,,✓,,,,,,,Lead Local Flood Authorities,,,,,,,,,,,,,46,
Flood storage areas,Backlog,Backlog,,,,,,,,,,,,✓,,,,,,,,,,✓,"Areas that act as a balancing reservoir, storage basin or balancing pond for flood control",,,✓,,,,,,,Environment Agency,,,,,,,https://ckan.publishing.service.gov.uk/dataset/flood-map-for-planning-rivers-and-sea-flood-storage-areas,,,,Development consent orders (NSIP),,,
Food hygiene rating,Archived,Archived,,,,,,,,,,,,,,,,,,,,,,,Rating that reflects the standards of food hygiene found on the date of the local authority inspection,,,,,,,,,,Food Standards Agency,,,,,,,,,,,,,,
Food safety notice,Archived,Archived,,,,,,,,,,,,,,,,,,,,,,,Notices of serious food safety problems that can include banning certain equipment or processes until improvements have been made,,,,,,,,Yes,,Local planning authorities,,,,,,,,,,,,,,
Further education,Backlog,Backlog,,,,,,,,,,,,,,,,,,,,,,,"Non-advanced courses taken after the period of compulsory education. Primarily taught to those aged 16 and over in further education colleges, work-based learning, and adult and community learning institutions",,,✓,,,,,,,,,,,,,,,,,,,,,
Gas pipeline,Backlog,Backlog,,,,,,,,,,,,,,,,,,,,,,,"Gas pipelines are wide-diameter, long-distance pipelines that transport natural gas from the producing and processing areas to storage facilities and distribution centres",,The Pipelines Safety Regulations 1996,✓,,,,,,,Health and Safety Executive,,,,,,,,,,,,,,
Gas pipeline zones,Backlog,Backlog,,,,,,,,,,,,,,,,,,,,,,,"Zones which require proper selection and installation of apparatus to be used safely in that environment,because of the properties of the flammable gas present - classified as inner, middle and outer zones",,The Pipelines Safety Regulations 1997,✓,,,,,,,Health and Safety Executive,,,,,,,,,,,,,,
GeoClimate,Archived,Archived,,,,,,,,,,,,,,,,,,,,,,✓,Maps and data showing potential change in subsidence due to changes in climate,,,,,,,,,,,,,,,,,https://www.bgs.ac.uk/datasets/geoclimateukcp18-open/,,,,,,,
Geological disturbance - faults,Archived,Archived,,,,,,,,,,,,,,,,,,,,,,,Lines of discontinuity in bedrock where rocks have moved relative to each other,,,,,,,,,,Coal Authority,,,,,,,,,,,,,,
Geological disturbance - fissure and breakline,Archived,Archived,,,,,,,,,,,,,,,,,,,,,,,"Fissures are a crack or opening in rock or the earth created by mining  and breaklines are a vertical step in the rock or earth, created when underground mining has caused differential settlement at the surface",,,,,,,,,,Coal Authority,,,,,,,,,,,,,,
Geology 625K,Backlog,Archived,BGS Geology 625k,,,,,,,,,,,,,,,,,,,,,✓,Data identifying landscape areas (shown as polygons) attributed with geological names and rock type descriptions,,,,,,,,,,,,,,,,,https://www.bgs.ac.uk/products/digitalmaps/DiGMapGB_625.html,,,,,,,
GeoScour,Archived,Archived,,,,,,,,,,,,,,,,,,,,,,,Information on the likelihood of river scour (when water erodes sediments) occurences,,,,,,,,,,British Geological Survey,,,,,,,,,,,,,,
GeoSure 5km hex grids,Archived,Archived,,,,,,,,,,,,,,,,,,,,,,,Overview of the likelihood of 6 naturally occurring geohazards ,,,,,,,,,,British Geological Survey,,,,,,,,,,,,,,
GeoSure shrink-swell 3D,Archived,Archived,,,,,,,,,,,,,,,,,,,,,,,Map identifying areas of potential shrinking and swelling of the ground in 3D in the London and Thames Valley area,,,,,,,,,,British Geological Survey,,,,,,,,,,,,,,
GeoSure shrink-swell subsurface,Archived,Archived,,,,,,,,,,,,,,,,,,,,,,,Map identifying areas of potential shrinking and swelling of the ground that are hidden from the surface underneath other solid formations ,,,,,,,,,,British Geological Survey,,,,,,,,,,,,,,
Golf courses,Backlog,Backlog,,,,,,,,,,,,,,,,,,✓,,,,,Large areas of grass specially designed for people to play golf on,,,✓,,,,,,,,,,,,,,,,,,Environmental planning assessment,,,
GP practices,Backlog,Backlog,,,,,,,,,,,,,,,,,,,,,,,Buildings in which one or more GPs provide general medical services to patients,,,✓,,,,,,,NHS,,,,,,,,,,,,,,
Grassland,Backlog,Backlog,,,,,,,,,,,,,,,✓,,,,,,,,Landscapes dominated by grasses,,,✓,,,,,,,,,,,,,,,,,,,,,
Great Crested Newt risk zones,Backlog,Backlog,,,,,,,,,,,,,,,,,,,,,,,Areas where the distribution of great crested newts (GCN) has been categorised into zones ,,,✓,,,,,,,Natural England,,,,,,,,,,,,,,
Great Crested Newt strategic opportunity areas,Backlog,Backlog,,,,,,,,,,,,,,,,,,,,,,,Areas where new ponds would benefit great crested newt (GCN) populations ,,,✓,,,,,,,Natural England,,,,,,,,,,,,,,
Great crested newts eDNA pond surveys,Backlog,Backlog,,,,,,,,,,,,,,,,,,,,,,,Surveys of ponds to detect newt environmental DNA,,,✓,,,,,,,Natural England,,,,,,,,,,,,,,
Greater London archaeological priority areas,Backlog,Backlog,,,,,,,,,,,✓,,,,,,,,,,,,Areas of Greater London where there is significant known archaeological interest or potential for new discoveries,,,✓,,,,,,,Historic England,,,,,,,,,,,,,,
Green corridors,Backlog,Backlog,,,,,,,,,,,,,,,,,,,,,,,Areas that create habitat connections and active travel routes through encouraging exercise and healthy living while linking fragmented sites of biodiversity,,,✓,,,,,,,Local planning authorities,,,,,,,,,,,,,,
Greenbelt,On the platform,On the platform,,,,,,Modern planning software,,,,,✓,✓,,,,✓,,,,,,,An area of open land around a city that cannot be built on,,,✓,,,,,,,Local planning authorities,,Single,Small,,,,,,,,Development consent orders (NSIP);Environmental planning assessment,,45,
Groundwater Source Protection Zones,Backlog,Backlog,Source protection zones,,,,,,,,,,,,,,,,,,,,,,Zones that provide additional protection to safeguard drinking water quality,,,✓,,,,,,,Environment Agency,,,,,,,,,,,,,,
Groundwater vulnerability,Backlog,Backlog,,,,,,,,,,,,,,,,,,,,,,,"Whether groundwater has a high, medium or low risk of pollution",,,✓,,,,,,,British Geological Survey; Envionment Agency,,,,,,,,,,,,,,
"Gypsy, Roma & traveller sites",In development,Co-design,,,,,,LURA;Faster local plans,,,,,✓,,,,,,,,,,,,"An area of land where gypsy, Roma and traveller communities live which may be owned and managed privately or by the council",,,✓,,,,,Yes,,Local planning authorities,,Multiple,Small,,Site allocations,,,,,,Local plans;Leasehold Land & Planning Systems,22,35,
Habitat networks,Backlog,Backlog,,,,,,,,,,,,✓,,,,,,,,,,,Sets of separate areas of habitat that are close enough together to connect in some way,,,✓,,,,,,,Natural England,,,,,,,,,,,Development consent orders (NSIP),,,
Hazardous substance contravention notice,Backlog,Backlog,,,,,,,,,,,,,,,,,,,,,,,A hazardous substance contravention notice can be issued to a person who does not have the consent to store hazardous substances,,Control of Major Accident Hazards Regulations 2015,✓,,,✓,,,,"Health and Safety Executive, Environment Agency, Office of Nuclear Regulation",,,,,,,,,,,,,,
Hazardous waste interrogator,Backlog,Backlog,,,,,,,,,,,,,,,,,,,,,,,,,,✓,,,,,,,Environment Agency,,,,,,,,,,,,,,
Health and Safety Executive Consultation Zones,Backlog,Screen,Safety hazard areas,,,https://docs.google.com/document/d/1YgFbQ_-ye98hrGYQg9j5HXtPeVrr8Zcx_08NHAlWe6c/edit,,,,,,,,,,,,,,,,,,,"The Health and Safety Executive (HSE) sets the consultation zone around major hazard sites and major accident hazard pipelines, after assessing the risks and likely effects of major accidents",,,✓,,,,,,,Health and Safety Executive,,,,,,,,,,,,,,
Heathland and shrub,Backlog,Backlog,,,,,,,,,,,,,,,✓,,,,,,,,Land that has at least 25% cover of woody species such as gorse or heather,,,✓,,,,,,,,,,,,,,,,,,,,,
Hedgerows,Backlog,Screen,,,,https://docs.google.com/document/d/1NafrVW_dC2nvDTDBQvey-271aLLFpGlCpN-N30OZDn4/edit#heading=h.lb9do641w06g,,,,,,,,,,,✓,,,,,,,,Any boundary line of trees or shrubs over 20m long and less than 5m wide,,,✓,,,,,,,,,,,,,,,,,,The biodiversity metric 4.0 and small sites metric GIS data standard,,,
Heritage action zone,Backlog,Backlog,,,,,,,,,,,,,,,,,,,,,,,Grant-funded projects restoring historic environments,,,✓,,,,,,,Historic England,,,,,,,,,,,,,,
Heritage assets of archaeological interest,Backlog,Backlog,,,,,,,,,,,,,,,,,,✓,,,,,"An area that holds, or potentially holds, evidence of past human activity worthy of expert investigation",,,✓,,,,,,,Historic England,,,,,,,,,,,Environmental planning assessment,,,
Heritage at risk,Backlog,Backlog,,,,,,,,,,,✓,,,,,,,,,,,,"Hostoric sites that are most at risk of being lost as a result of neglect, decay or inappropriate development",,,✓,,,,,,,Historic England,,,,,,,,,,,,,,
Heritage coast,On the platform,On the platform,Protected sites,,,,,,,,,,✓,,,,,,,✓,,,,,A stretch of undeveloped coast designated for conservation,,,✓,,,,,,,Natural England,Natural England,Single,Small,,,,,,,,Environmental planning assessment,,,
Higher education,Backlog,Backlog,,,,,,,,,,,,,,,,,,,,,,,"Both undergraduate and postgraduate courses, typically attended in higher education institutions, such as Universities.",,,✓,,,,,,,,,,,,,,,,,,,,,
Highway network,Backlog,Backlog,,,,,,,,,,,,,,,,,,,,,,,,,,✓,,,,,,,Highways England,,,,,,,,,,,,,,
Historic environment record,Backlog,Backlog,,,,,,,,,,,,,,,,,,,,,,,"Details of local archaeological sites and finds, historic buildings and historic landscapes",,,✓,,,,,,,Historic England,,,,,,,,,,,,,,
Historic landfill,Backlog,Backlog,,,,,,,,,,,,,,,,,,✓,,,,,Sites where there is no PPC (Pollution Prevention and Control) permit or waste management licence currently in force,,,✓,,,,,,,Environment Agency,,,,,,,,,,,Environmental planning assessment,,,
Historic parks and gardens,On the platform,On the platform,,,,,,,,,,,,✓,,,,,,,,,,,"Designed landscapes of special historical interest because of their layout, features and architectural decoration",,,✓,,,,,,,Historic England,Historic England,Single,Small,,,Registered Parks and Gardens,https://historicengland.org.uk/listing/the-list/data-downloads,https://historicengland.org.uk/content/data-downloads-gis/parks-and-gardens/,OGL3,,Development consent orders (NSIP),,50,
Historic stone quarry,Backlog,Backlog,,,,,,,,,,,,,,,,,,,,,,,Area where quarrying of stone was previously carried out,,,✓,,,,,,,,,,,,,,,,,,,,,
Historical mineral planning permissions,Backlog,Backlog,,,,,,,,,,,,,,,,,,,,,,,"Boundaries for permitted, withdrawn and refused mineral planning permissions for England and Wales",,,✓,,✓,✓,,,,British Geological Survey,,,,,,,,,,,,,,
Hospital performance,Archived,Archived,,,,,,,,,,,,,,,,,,,,,,,Measures of hospital performance on a national level,,,,,,,,,,NHS,,,,,,,,,,,,,,
Hospitals,Backlog,Backlog,,,,,,,,,,,,,,,,,,,,,,,Building where medical and surgical treatment and nursing care for sick or injured people is provided,,,✓,,,,,,,NHS,,,,,,,,,,,,,,
Houses in multiple occupation,Archived,Archived,,,,,,,,,,,,,,,,,,,,,,,A property rented out by at least 3 people who are not from one 'household' (for example a family) but share facilities like the bathroom and kitchen,,,,,,,,Yes,,Local planning authorities,,,,,,,,,,,,,,
Housing numbers,Backlog,Research,,,,,,Faster local plans,,,,,✓,,,,,,,,,,,,Number of new homes the government aims to build per year,,,✓,,✓,,,Yes,,Local planning authorities,,,,,,,,,,,,,56,
Housing waiting list,Backlog,Backlog,,,,,,,,,,,,,,,,,,,,,,,A waiting list of people who qualify for social housing,,,✓,,✓,,,Yes,,Local planning authorities,,,,,,,,,,,,,,
HS2 safeguarded area,Backlog,Backlog,,,,,,,,,,,✓,,,,,,,,,,,,Protected land that might be needed to build the HS2 railway,,High Speed Rail (London–West Midlands) Act 2017,✓,,,✓,,,HS2 Limited,HS2 Limited,,,,,,,,,,,,,,
Hydrogeological maps,Archived,Archived,,,,,,,,,,,,,,,,,,,,,,,Maps that bring basic geological information together with data on the hydraulic and hydrochemical characteristics of rocks and their usefulness for groundwater supply,,,,,,,,,,British Geological Survey,,,,,,,,,,,,,,
Important bird areas,Backlog,Backlog,,,,,,,,,,,,✓,,,,,,,,,,✓,Areas identified as being globally important for the conservation of bird populations,,,✓,,,,,,,,,,,,,,https://opendata-rspb.opendata.arcgis.com/datasets/c38f60f68f094f269d90db26b1381837_0,,,,Development consent orders (NSIP),,,
Indoor sports and leisure facilities,Backlog,Backlog,,,,,,,,,,,,,,,,,,,,,,,Multi-sports building where a range of sport and recreational activities can take place,,,✓,,,,,,,,,,,,,,,,,,,,,
Infrastructure funding statements,On the platform,On the platform,,,,,,,,,,,,,,✓,,,,,,,,,A summary of financial contributions councils have secured through section 106 agreements from new developments,Infrastructure Funding,,✓,,,✓,,Yes,,Local planning authorities,Local planning authorities,Multiple,Small,Annually,,,,,,,,,,https://digital-land.github.io/specification/specification/infrastructure-funding-statement/
Inner urban improvement area,Archived,Archived,,,,,,,,,,,,,,,,,,,,,,,,,,,,,,,Yes,,Local planning authorities,,,,,,,,,,,,,,
Integrated Care Board (ICB),Backlog,Backlog,,,,,,,,,,,,,,,,,,,,,,,"Partnerships between the NHS, councils and the voluntary sector to improve health and care services",,,✓,,,,,,,,,,,,,,,,,,,,,
Internal Drainage District,Backlog,Backlog,,,,,,,,,,,,,,,,,,,,,,,Areas that derive benefit or avoid danger as a result of drainage operations,,,✓,,,,,,,,,,,,,,,,,,,,,
Invasive non native species,Backlog,Backlog,,,,,,,,,,,,,,,,,,,,,,,Species which have been introduced into areas outside their natural range through human actions and are posing a threat to native wildlife,,,✓,,,,,,,Biological Record Centres,,,,,,,,,,,,,,
Irreplaceable habitats,Backlog,Backlog,,,,,,,,,,,✓,,,,,,,✓,,,,,"Habitats that could not be recreated if damaged, such as ancient woodland, ancient and veteran trees, blanket bog, limestone pavement, sand dunes, salt marsh and lowland fens ",,Biodiversity Gain Requirements (Irreplaceable Habitat) Regulations 2024,✓,,,,,,,Local planning authorities,,,,,,,,,,,Environmental planning assessment,,,
Key business areas,Archived,Archived,,,,,,,,,,,✓,,,,,,,,,,,,,,,,,,,,Yes,,Local planning authorities,,,,,,,,,,,,,,
Lakes,Backlog,Backlog,Watercourses,,,,,,,,,,,,,,✓,,,,,,,,Large areas of fresh water surrounded by land,,,✓,,,,,,,,,,,,,,,,,,,,,
Land maintenance notice,Backlog,Backlog,,,,,,,,,,,,,,,,,,,,,,,"A notice served when the condition of land is having an
adverse effect on a neighbourhood",,Town and Country Planning Act 1990,✓,,✓,,,Yes,,Local planning authorities,,,,,,,,,,,,,,
Land ownership boundary,Backlog,Archived,Land registry polygons;Red line boundaries,,,,,,,,,,✓,,,,,,,,,,,,The rough boundary of a property,,,,,,,,,,Land Registry,,,,,,,,,,,Local plans,,,
Land registry polygons / red line boundaries,Piloting,On the platform,Land ownership boundary,,,https://docs.google.com/document/d/1iGOw61rjvFIqZHR8RzL6yGXcjs0EYHQdHNEANUdF3Jc/edit,,,High,✓,,,,,,,,,,,,,,,The indicative shapes and positions of each boundary of registered titles for land and property,,,✓,,,,,,,,,,,,,,,,,,Open planning software,,49,
Land required for public purpose,Backlog,Backlog,,,,,,,,,,,,,,,,,,,,,,,Land reserved for a public purpose under a planning scheme,,Town and Country Planning Act 1990,✓,,,,,Yes,,Local planning authorities,,,,,,,,,,,,,,
Land to be acquired for roadworks,Backlog,Backlog,,,,,,,,,,,,,,,,,,,,,,,Land reserved for roadworks,,Town and Country Planning Act 1990,✓,,,,,Yes,,Local planning authorities,,,,,,,,,,,,,,
Landmark buildings,Archived,Archived,,,,,,,,,,,,,,,,,,,,,,,Buildings of great historical or artistic value that have protection to prevent them from being changed or destroyed,,,✓,,,,,,,,,,,,,,,,,,,,,
Landmark features,Archived,Archived,,,,,,,,,,,,,,,,,,,,,,,Easily recognisable features of land that help us work out where we are,,,✓,,,,,,,,,,,,,,,,,,,,,
Local Environment Record Centre boundaries,Backlog,Backlog,,,,,,,,,,,,,,,,,,,,,,,Local Environmental Records Centre (LERC) areas,,,✓,,,,,,,Association of Local Environmental Records Centres,,,,,,,,,,,,,,
Less favoured areas,Backlog,Backlog,,,,,,,,,,,,,,,,,,,,,,,Remote and constrained rural areas where funding is provided to farming businesses,,,✓,,,,,,,DEFRA,,,,,,,,,,,,,,
Libraries,Backlog,Backlog,,,,,,,,,,,,,,,,,,,,,,,"A building containing collections of books and other media for use and borrowing by the public. Libraries increasingly have broader offerings, including child and youth provision, community services and health and wellbeing support.",,,✓,,,,,,,,,,,,,,,,,,,,,
LiDAR composite DSM - 2m,Archived,Archived,,,,,,,,,,,,,,,,,,,,,,✓,,,,,,,,,,,,,,,,,,https://ckan.publishing.service.gov.uk/dataset/lidar-composite-dsm-2017-2m,,,,,,,
LiDAR composite DTM - 1m,Archived,Archived,,,,,,,,,,,,,,,,,,,,,,✓,,,,,,,,,,,,,,,,,,https://ckan.publishing.service.gov.uk/dataset/lidar-composite-dtm-2017-1m,,,,,,,
LiDAR composite DTM - 25cm,Archived,Archived,,,,,,,,,,,,,,,,,,,,,,✓,,,,,,,,,,,,,,,,,,https://ckan.publishing.service.gov.uk/dataset/lidar-composite-dtm-2017-25cm,,,,,,,
Listed buildings,Piloting,On the platform,,,,,,,,✓,,,✓,✓,,,,✓,,,,,,,A building which is protected because it has special architectural or historic interest ,,Planning (Listed Buildings and Conservation Areas) Act 1990,✓,✓,,,✓,,,Historic England,Historic England;Local planning authorities,Multiple,Large,Monthly,,,,,,,Open planning software;Development consent orders (NSIP);Environmental planning assessment,,44,https://digital-land.github.io/specification/specification/listed-building/
Local air quality action plan,Backlog,Backlog,,,,,,,,,,,,,,,,,,,,,,,Plan that outlines local action to improve air quality,,Environment Act 1995,✓,,,✓,,Yes,,Local planning authorites,,Multiple,Small,,,,,,,,,,,
Local area requirements,In development,Ready for go/no-go,Local validation checklist,,,,,Modern planning software,,,,,,,,,,,,,,,,,Requirements (sometimes known as validation checklists) that set out supporting information which applicants need to include with a planning application,,,✓,,,✓,,,,Local planning authorites,,,,,,,,,,,Data standards team;Open system labs,,52,
Local authority district,On the platform,On the platform,,,,,,,,✓,,,,✓,,,,✓,,,,,,✓,The geographic area that a local government body is responsible for,,,✓,,,,,,,Office for National Statistics,Office for National Statistics,Single,Small,,,,,,,,Development consent orders (NSIP);Environmental planning assessment,,,
Local development order,Backlog,Backlog,,,,,,,,,,,,,,,,,,,,,,,Local development orders (LDOs) provide permitted development rights for specified types of development in defined locations.,,Planning and Compulsory Purchase Act 2004,✓,,,,,,,Local planning authorites,,,,,,,,,,,,,,
Local flood data,Prioritised backlog,Screen,,,,https://docs.google.com/document/d/1GJdkEbpLlfcB9AbBfLcDgkvFMxs7kPrtc_y_mxOby-I/edit,,Modern planning software,,✓,,,,,,,,,,,,,,,,,,✓,,,,,,,Local planning authorites,,,,,,,,,,,,,58,
Local geological site,Backlog,Backlog,,,,,,,,,,,,,,,,,,,,,,,"Non-statutory geological sites which are given protection through the planning process, designated by local authorities.",,,✓,,,,,,,Local planning authorites,,,,,,,,,,,,,,
Local green space,Backlog,Backlog,,,,,,,,,,,,✓,,,,,,,,,,,"Protected green areas demonstrably special to the local community, whether in a village or in a neighbourhood in a town or city",,,✓,,,,,,,Local planning authorites,,,,,,,,,,,Development consent orders (NSIP),,,
Local heritage assets,Backlog,Backlog,,,,,,,,,,,,,,,,,,,,,,,Assets designated by local authorities which are of local significance and require protection,,,✓,,,,,,,Local planning authorites,,,,,,,,,,,,,,
Local landscape area,Backlog,Backlog,Historic (non-designated) rural landscape/local landscape area,,,,,,,,,,,,,,,,,,,,,,"Areas in Scotland which are given a local designation to sure that the landscape is not damaged by inappropriate development, and to encourage positive landscape management",,,✓,,,,,,,Local planning authorites,,,,,,,,,,,,,,
Local nature recovery strategy,Backlog,Backlog,,,,,,,,,,,,,,,,,,,,,,,Locations to create or improve habitat most likely to provide the greatest benefit for nature and the wider environment,,The Environment (Local Nature Recovery Strategies) (Procedure) Regulations 2023,✓,,,✓,,,,Local planning authorites,,,,,,,,,,,,,,
Local nature reserves,On the platform,On the platform,Protected sites,,,https://docs.google.com/document/d/1ZObCVL1dGKVEgputfdwPs-Ih43UH5Mradk4zvteeA_Y/edit#heading=h.lb9do641w06g,,,,✓,,,,,,,,,,✓,,,,,A protected area of land designated by a local authority because of its special natural interest or educational value,,Section 21 of the National Parks and Access to the Countryside Act 1949,✓,,,,,No,,Natural England,,Single,Small,,,Local Nature Reserves (England),https://naturalengland-defra.opendata.arcgis.com/datasets/Defra::local-nature-reserves-england/about,https://services.arcgis.com/JJzESW51TqeY9uat/arcgis/rest/services/Local_Nature_Reserves_England/FeatureServer/0/query?outFields=*&where=1%3D1&f=geojson,OGL,,Environmental planning assessment;Open planning software,,48,
Local plan consultations and representations,Prioritised backlog,Screen,,,,,,Faster plan making,,,,,✓,,,,,,,,,,,,,,The Town and Country Planning (Local Planning) (England) Regulations 2012,✓,,✓,✓,,,,Local planning authorites,,,,,,,,,,,,,57,
Local plan policies,Backlog,Backlog,,,,,,,,✓,,,✓,,,,,,,,,,,,,,,✓,✓,✓,✓,,,,Local planning authorites,,,,,,,,,,,,,,
Local planning authority,On the platform,Prepared for platform,,,,,,,,✓,,,,✓,,,,✓,,,✓,,,,The planning department of the district or borough council,,,✓,,,,,,,Office for National Statistics,Office for National Statistics,Single,Small,,,,,,,,Development consent orders (NSIP);Environmental planning assessment,13,36,
Local validation checklist,Archived,Archived,Local area requirements,,,,,Modern planning software,,,,,,,,,,,,,,,,,,,,,,,✓,,,,,,,,,,,,,,,,,52,
Local wildlife sites,Next,Backlog,Protected sites,,,,,,,,,,,,,,,,,✓,,,,,Areas of land that are especially important for their local wildlife,,,✓,,,,,,,Biological Record Centres,,,,,,,,,,,Environmental planning assessment,,,
Locally listed areas,Backlog,Backlog,,,,,,,,,,,✓,,,,,,,,,,,,To protect locally important historic places and spaces,,,✓,,,✓,,Yes,,Local planning authorities,,,,,,,,,,,Local plans,,,
Locally listed buildings,Prioritised backlog,On the platform,local heritage assets;local lists;local heritage,,,,,,,,,,,,,,,,,,,,,,"A building recognised by the local authority (but not nationally) as having local importance due to its architectural, historical or environmental significance",,,✓,,,✓,,Yes,,Local planning authorities,,,,,,,,,,,,,59,
Locally significant industrial sites (LSIS),Backlog,Backlog,,,,,,,,,,,,,,,,,,,,,,,Sites that have particular local importance for industrial and related functions,,,✓,,,,,Yes,,Local planning authorities,,,,,,,,,,,,,,
London squares,Archived,Archived,,,,,,,,,,,,,,,,,,,,,,,"Protected squares in London that should only be used as ornamental gardens, pleasure grounds or for play, rest or recreation",,,✓,,,,,,,,,,,,,,,,,,,,,
Long established & protected woodland,Archived,Archived,,,,,,TBC,,,,,✓,,,,,,,,,,,,Areas that have been wooded continuously from 1893,,,✓,,,,,,,,,,,,,,,,,,,,,
Main rivers,Backlog,Backlog,Watercourses,,,,,TBC,,,,,,✓,,,,✓,,,,,,✓,Designated larger rivers and streams,,,✓,,,,,,,Natural England,,,,,,,https://www.ordnancesurvey.co.uk/business-government/products/open-map-rivers,,,,Development consent orders (NSIP);Environmental planning assessment,,,
Major railway improvement schemes,Archived,Archived,,,,,,TBC,,,,,,,,,,,,,,,,,,,,,,,,,,,ORR / Network Rail,,,,,,,,,,,,,,
Major roads,Backlog,Backlog,,,,,,TBC,,,,,,,,,,,,✓,,,,,Motorways and all class 'A' roads,,,✓,,,,,,,,,,,,,,,,,,Environmental planning assessment,,,
Marine conservation zones,Backlog,Backlog,Protected sites,,,,,TBC,,,,,,,,,,,,✓,,,,,"Marine areas that protect a range of nationally important, rare or threatened habitats and species",,,✓,,,,,,,Natural England,,,,,,,,,,,Environmental planning assessment,,,
Metropolitan open land (London),Backlog,Backlog,,,,,,TBC,,,,,✓,,,,,,,,,,,,Open space that contributes to the structure of London,,,✓,,,,,,,Greater London Authority,,,,,,,,,,,Local plans,,,
Millennium greens,Archived,Archived,,,,,,TBC,,,,,,,,,,,,,,,,,Areas of green space for the benefit of local communities created to celebrate the millennium,,,✓,,,,,,,Natural England,,,,,,,,,,,,,,
Mine entry,Archived,Archived,,,,,,TBC,,,,,,,,,,,,,,,,,The entrances into a mine,,,,,,,,,,Coal Authority,,,,,,,,,,,,,,
Mineral assessment reports,Archived,Archived,,,,,,TBC,,,,,,,,,,,,,,,,,,,,,,,,,,,British Geological Survey,,,,,,,,,,,,,,
Mineral safeguarding areas,Backlog,Backlog,,,,,,TBC,,,,,✓,,,,,,,,,,,,Areas where known deposits of minerals are safeguarded,,,✓,,,,,,,"Mineral Planning Authority (e.g. County, Unitary or National Park Authority)",,,,,,,,,,,,,,
Minerals and waste plan,Backlog,Backlog,,,,,,TBC,,,,,✓,,,,,,,,,,,,Locations for future minerals extraction (such as sand and gravel pits or crushed rock quarries) and for the development of waste management facilities (such as recycling centres),,,✓,,,✓,,Yes,,"Mineral and Waste  Planning Authority (e.g. County, Unitary or National Park Authority)",,,,,,,,,,,,,,
Mining and ground stability,Backlog,Backlog,,,,,,TBC,,,,,,✓,,,,,,,,,,✓,Potential ground stability hazards from mining activities ,,,✓,,,,,,,,,,,,,,https://www.gov.uk/guidance/using-coal-mining-information,,,,Development consent orders (NSIP),,,
MORECS,Archived,Archived,,,,,,TBC,,,,,,,,,,,,,,,,,Evaporation and soil moisture deficit for the UK (Meteorological Office rainfall and evaporation calculation system),,,,,,,,,,Met Office,,,,,,,,,,,,,,
Multibeam bathymetry,Archived,Archived,,,,,,TBC,,,,,,,,,,,,,,,,,High resolution elevation information of underwater terrain,,,,,,,,,,Environment Agency,,,,,,,,,,,,,,
National character areas,Backlog,Backlog,,,,,,TBC,,,,,,,,,,,,,,,,,Geographically unique areas of the UK,,,✓,,,,,,,Natural England,,,,,,,,,,,,,,
National chargepoint register,Backlog,Backlog,,,,,,TBC,,,,,,,,,,,,,,,,,Database of public electric vehicle chargepoints  in the UK,,,✓,✓,✓,,,,,Office for Low Emission Vehicles,,,,,,,,,,,,,,
National coach services,Archived,Archived,,,,,,TBC,,,,,,,,,,,,,,,,✓,Timetable data for several mainland UK coach services not contained in the Traveline national dataset (TNDS),,,,,,,,,,Department for Transport,,,,,,,https://data.gov.uk/dataset/3a3b32f3-d727-4623-aa17-daa2f39aaf92/national-coach-services-ncsd,,,,,,,
National cycle network,Backlog,Backlog,,,,,,TBC,,,,,,,,,,,,✓,,,,,"The UK-wide network of signed paths and routes for walking, wheeling, and cycling outdoors",,,✓,,,,,,,,,,,,,,,,,,Environmental planning assessment,,,
National flood and coastal erosion risk management strategy,Backlog,Backlog,,,,,,TBC,,,,,,,,,,,,✓,,,,,Strategy for flooding and coastal change resilience,,,✓,,,✓,,,,Environment Agency,,,,,,,,,,,Environmental planning assessment,,,
National forest inventory,Backlog,Backlog,,,,,,TBC,,,,,,,,,,,,,,,,✓,A programme that monitors woodland and trees in Great Britain,,,✓,,,,,,,,,,,,,,http://data-forestry.opendata.arcgis.com/datasets/295e0278dc2641e2935c411d28908be9_0,,,,,,,
National grid cables,Backlog,Backlog,,,,,,TBC,,,,,,✓,,,,,,,,,,✓,Locations of national electricity transmission network cables,,,✓,,,,,,,National Grid,,,,,,,https://www.nationalgridet.com/network-and-assets/network-route-maps,,,,Development consent orders (NSIP),,,
National grid overhead lines,Backlog,Backlog,,,,,,TBC,,,,,,✓,,,,,,,,,,✓,Electrical cables that transmit electricity across the country,,,✓,,,,,,,National Grid,,,,,,,https://www.nationalgridet.com/network-and-assets/network-route-maps,,,,Development consent orders (NSIP),,,
National grid substation sites,Backlog,Backlog,,,,,,TBC,,,,,,✓,,,,,,,,,,✓,Locations of national electricity transmission substations,,,✓,,,,,,,National Grid,,,,,,,https://www.nationalgridet.com/network-and-assets/network-route-maps,,,,Development consent orders (NSIP),,,
National grid towers,Backlog,Backlog,,,,,,TBC,,,,,,✓,,,,,,,,,,✓,"Structural supports, known as pylons, that carry the UK’s network of high-voltage overhead power lines ",,,✓,,,,,,,National Grid,,,,,,,https://www.nationalgridet.com/network-and-assets/network-route-maps,,,,Development consent orders (NSIP),,,
National landslide database,Archived,Archived,,,,,,TBC,,,,,,,,,,,,,,,,,Databse of reported landslide events,,,,,,,,,,British Geological Survey,,,,,,,,,,,,,,
National nature reserves,On the platform,On the platform,,,,https://docs.google.com/document/d/1ULS_aunj8r-Iv5kZ5IelEM_wBGxfS98bKXn4X7hvXkg/edit#heading=h.lb9do641w06g,,TBC,,✓,,,,✓,,,,,,,,,,✓,"Areas where wildlife, plants and animals are protected to allow them to thrive",,,✓,,,,,,,Natural England,,,,,,,https://data.gov.uk/dataset/726484b0-d14e-44a3-9621-29e79fc47bfc/national-nature-reserves-england,,,,Development consent orders (NSIP),,48,
National parks and the broads,On the platform,On the platform,Protected sites,,,,,TBC,,✓,,,✓,✓,,,,✓,,,,,,✓,A large area of land protected by law for the benefit of the nation,,,✓,,,,,,,Office for National Statistics,Office for National Statistics,Single,Small,,,,,,,,Development consent orders (NSIP);Environmental planning assessment,,,
National Public Transport Access Nodes (NaPTAN),Backlog,Backlog,,,,,,,,,,,,,,,,,,,,,,,All public transport access points where you can get on or off public transport,,,✓,,,,,,,Department for Transport,,,,,,,,,,,,,,
National Trust land,Backlog,Backlog,,,,,,,,,,,,,,,,,,,,,,,Land that is enclosed as part of a National Trust estate and public access is limited,,,✓,,,,,,,National Trust,,,,,,,,,,,,,,
National Trust land – always open,Backlog,Backlog,,,,,,,,,,,,,,,,,,,,,,,National Trust land that the public has access to on foot only,,,✓,,,,,,,National Trust,,,,,,,,,,,,,,
Nationally Significant Infrastructure Projects (NSIP),Piloting,On the platform,,,,,,,,,,,,✓,,,,,,,,,,,"Major infrastructure projects such as new harbours, roads, power generating stations (including offshore wind farms) and electricity transmission lines, which require a type of consent known as ‘development consent’",,,✓,,,✓,✓,,PINs,The Planning Inspectorate,,Single,Small,,DCOs,,,,,,,,,https://digital-land.github.io/specification/specification/infrastructure-project/
Nature improvement areas,Backlog,Backlog,,,,,,,,,,,,✓,,,,,,,,,,✓,Areas of the country where partnerships have been set up to enhance the natural environment,,,✓,,,,,,,Natural England,,,,,,,https://data.gov.uk/dataset/a19c95e3-9657-457d-825e-3d2f3993b653/nature-improvement-areas,,,,Development consent orders (NSIP),,,
Nearby railway schemes,Archived,Archived,,,,,,,,,,,,,,,,,,,,,,,,,,,,,,,Yes,,Local planning authorities,,,,,,,,,,,,,,
Nearby road schemes,Backlog,Backlog,,,,,,,,,,,,,,,,,,,,,,,,,,✓,,,,,Yes,,Local planning authorities,,,,,,,,,,,,,,
Neighbourhood plans,Prioritised backlog,Backlog,Faster local plans,,,,,Faster local plans,,,,,✓,,,,,,,,,,,,"A plan prepared by a parish council or neighbourhood forum for a designated neighbourhood area, giving communities direct power to shape the development and growth of their local area",,,✓,,,✓,,Yes,,Local planning authorities,,,,,,,,,,,,21,37,
NHS trusts,Backlog,Backlog,,,,,,,,,,,,,,,,,,,,,,,An organisational unit within the NHS that serves either a geographical area or a specialised function (such as an ambulance service),,,✓,,,,,,,NHS,,,,,,,,,,,,,,
Noise abatement,Archived,Archived,,,,,,,,,,,,,,,,,,,,,,,A set of strategies designed to reduce noise pollution,,,,,,,,Yes,,Local planning authorities,,,,,,,,,,,,,,
Noise action important areas,Backlog,Backlog,,,,,,,,,,,,,,,,,,✓,,,,,A framework to manage environmental noise and to protect quiet areas in large urban areas,,,✓,,,,,,,DEFRA,,,,,,,,,,,Environmental planning assessment,,,
Non designated and locally listed historic assets,Backlog,Backlog,,,,,,,,,,,,,,,,,,,,,,,,,,✓,,,,,,,Local planning authorities,,,,,,,,,,,,,,
Non designated heritage asset,Backlog,Backlog,,,,,,,,,,,✓,,,,,,,,,,,,"Buildings, monuments, sites, places, areas or landscapes identified by planmaking bodies as having a degree of heritage significance needing consideration in planning decisions, but which do not meet the criteria for designated heritage assets",,,✓,,,,,,,Local planning authorities,,,,,,,,,,,,,,
"Notices, Orders, Directions under Planning Acts",Archived,Archived,,,,,,,,,,,,,,,,,,,,,,,,,,,,,,,Yes,,Local planning authorities,,,,,,,,,,,,,,
Nuclear Consultation Zone,Backlog,Backlog,Nuclear safety zones,,,,,,,,,,✓,,,,,,,,,,,,Consultation zones to limit the radiological consequences to members of the public in the event of a radiation emergency ,,,✓,,,,,,,Office of Nuclear Regulation,,,,,,,,,,,Local plans,,,
Nuclear power stations,Backlog,Backlog,,,,,,,,,,,,,,,,,,,,,,,Power plants that use the process of nuclear fission to generate electricity,,,✓,,,,,,,EDF energy,,,,,,,,,,,,,,
Nuclear safety zones,Backlog,Archived,Nuclear zones,,,,,,,,,,,,,,,,,,,,,,,,,✓,,,,,,,,,,,,,,,,,,,,,
Open green space,Backlog,Backlog,,,,,,,,,,,,✓,,,,,,,,,,✓,Places that are intentionally not developed,,,✓,,,,,,,Local planning authorities,,,,,,,https://www.ordnancesurvey.co.uk/business-government/products/open-map-greenspace,,,,,,,
Open roads,Backlog,Backlog,,,,,,,,,,,,,,,,,,,,,,✓,"High-level view of the road network, from motorways to country lanes",,,✓,,,,,,,,,,,,,,https://www.ordnancesurvey.co.uk/business-government/products/open-map-roads,,,,,,,
Opencast coal prospecting areas,Backlog,Backlog,,,,,,,,,,,,,,,,,,,,,,,Areas of opencast coal prospecting sites.,,,✓,,,,,,,British Geological Survey,,,,,,,,,,,,,,
Outstanding notices,Archived,Archived,,,,,,,,,,,,,,,,,,,,,,,,,,,,,,,Yes,,Local planning authorities,,,,,,,,,,,,,,
Parish,On the platform,On the platform,,,,,,,,,,,,✓,,,,,,,,,,✓,The smallest type of local government administrative area in England,,,✓,,,,,,,Office for National Statistics,Office for National Statistics,Single,Medium,,,,,,,,Development consent orders (NSIP),20,38,
Parliamentary constituencies,Backlog,Backlog,,,,,,,,,,,,,,,,,,,,,,✓,Specific geographical areas that are represented by each MP in the House of Commons,,,✓,,,,,,,,,,,,,,https://beta.ordnancesurvey.co.uk/products/boundary-line,,,,,,,
Permitted development rights,On the platform,On the platform,,,,,,Modern planning software,,✓,,,✓,,,,,,,,,,,,The right to carry out certain building works and changes of use without the need for a full planning application,Development Management,https://www.legislation.gov.uk/uksi/2015/596/schedule/2,✓,,,,✓,,,DLUHC,Digital Land,Single,Small,Ad-hoc,Article 4 Direction;Site allocations;Planning conditions (Article 3 directions);Planning applications,,,,,,Open planning software;Local planning authorities,14,39,
Planning application consultations,Backlog,Backlog,,,,,,,,✓,,,,,,,,,,,,,,,The period of consultation where views on the proposed development can be communicated,Development Management,,✓,,,✓,,Yes,,Local planning authorities,,,,,,,,,,,,,,
Planning application variance,Backlog,Backlog,Section73,,,,,,,✓,,,,,,,,,,,,,,,Options for amending proposals that have planning permission,,,✓,,,✓,✓,,,Local planning authorities,,,,,,,,,,,,,,
Planning applications & decisions,In development,Test and iterate,,,,,,Modern planning software,,✓,,,,✓,,,,,,,,,,,Records of applications for development and the associated decisions,Development Management,,✓,,,✓,✓,Yes,,Local planning authorities;Planning inspectorate,,,,Daily,Planning conditions (Article 3 directions),,,,,,Open planning software;Development consent orders (NSIP),,25,
Planning conditions,In development,Co-design,,,,,,Modern planning software,High,✓,,,,,,,,,,,,,,,Conditions attached to the granting of planning permission to ensure that the development can take place where otherwise it would have been necessary to refuse planning permission,Development Management,,✓,,,✓,✓,Yes,,Local planning authorities,,,,,Planning applications & decisions;Permitted development rights,,,,,,Open planning software;Local planning authorities,4,40,https://digital-land.github.io/specification/specification/planning-condition/
Play spaces,Backlog,Backlog,,,,,,,,,,,,,,,,,,✓,,,,,"Children's play provision, including local areas for play (LAP), locally equiped areas for play (LEAP), and neighbourhood equipped area of play (NEAP).",,,✓,,,,,,,Local planning authorities,,,,,,,,,,,Environmental planning assessment,,,
Playing fields,Backlog,Backlog,,,,,,,,,,,,,,,,,,✓,,,,,Land in the open air provided for physical education or recreation,,,✓,,,,,,,Local planning authorities,,,,,,,,,,,Environmental planning assessment,,,
Police stations,Backlog,Backlog,,,,,,,,,,,,,,,,,,,,,,,The local headquarters of the police,,,✓,,,,,,,,,,,,,,,,,,,,,
Pollinator corridors,Backlog,Backlog,,,,,,,,,,,,,,,,,,,,,,,"A corridor of native plants that connects different areas of habitat, providing nutrition and homes for pollinators",,,✓,,,,,,,Biological Record Centres,,,,,,,,,,,,,,
Ports,Backlog,Backlog,Ferry exchanges,,,,,,,,,,,,,,,,,,,,,,"A maritime facility comprising one or more wharves or loading areas, where ships load and discharge cargo and passengers.",,,✓,,,,,,,Department for Transport,,,,,,,,,,,,,,
Postcodes,Backlog,Backlog,,,,,,,,,,,,,,,,,,,,,,✓,A series of letters and numbers designated to an address for sorting mail,,,✓,,,,,,,,,,,,,,https://beta.ordnancesurvey.co.uk/products/code-point-open,,,,,,,
Previously listed buildings,Backlog,Backlog,,,,,,,,,,,,,,,,,,,,,,,Listed buildings that have been de-listed,,,✓,,,✓,,,,Historic England,,Single,Small,,,,,,,,,,,
Price paid data,Archived,Archived,,,,,,,,,,,,,,,,,,,,,,✓,Information on all property sales in England and Wales that are sold for value,,,,,,,,,,,,,,,,,https://www.gov.uk/government/collections/uk-house-price-index-reports#about-the-uk-hpi,,,,,,,
Primary healthcare,Backlog,Backlog,,,,,,,,,,,,,,,,,,,,,,,"Primary care services provide the first point of contact in the healthcare system, including GPs, pharmacies, dentists, and optometrists",,,✓,,,,,,,"NHS, ICB",,,,,,,,,,,,,,
Primary schools,Backlog,Backlog,,,,,,,,,,,,,,,,,,,,,,,Primary education typically cover those aged between 4 and 11.,,,✓,,,,,,,"Education Authority (e.g. County, Unitary)",,,,,,,,,,,,,,
Priority habitat inventory,Backlog,Backlog,,,,,,,,,,,,,,,,,,,,,,,Geographic extent and location of habitats of principal importance,,,✓,,✓,,,,,Natural England,,,,,,,,,,,,,,
Priority habitats,Backlog,Backlog,,,,,,,,,,,,,,,,,,,,,,,"The UK Biodiversity Action Plan (UK BAP) refers to a number of priority habitats, including terrestrial, freshwater and marine habitats. Each priority habitat has a corresponding Habitat Action Plan (HAP)",,,✓,,,,,,,,,,,,,,,,,,,,,
Priority river habitat - headwater areas,Backlog,Backlog,,,,,,,,,,,,,,,,,,,,,,,River and stream sources that exhibit a high degree of naturalness,,,✓,,,,,,,Natural England,,,,,,,,,,,,,,
Priority river habitat - rivers,Backlog,Backlog,,,,,,,,,,,,,,,,,,,,,,,Rivers and streams that exhibit a high degree of naturalness,,,✓,,,,,,,Natural England,,,,,,,,,,,,,,
Probable coal mining,Archived,Archived,,,,,,,,,,,,,,,,,,,,,,,Locations and estimated extents of probable shallow coal mines for which no recorded plan exists,,,,,,,,,,Coal Authority,,,,,,,,,,,,,,
Proposed ramsar sites,Backlog,Backlog,Protected sites,,,,,,,,,,✓,,,,,,,,,,,,Proposed boundaries of wetlands of international importance,,,✓,,,,,,,,,,,,,,,,,,,,,
Protected land,Backlog,Backlog,Protected sites,,,,,,,,,,,✓,,,,,,,,,,,Sites with special status as protected areas because of their natural and cultural importance,,,✓,,,,,,,,,,,,,,,,,,Development consent orders (NSIP),,,
Protected rural landscapes,Backlog,Backlog,Historic rural landscapes,,,,,,,,,,✓,,,,,,,,,,,,,,,✓,,,,,,,Historic England,,,,,,,,,,,,,,
Protected sites (statutory sites),Backlog,Archived,Protected land;SAC;SPA;Ramsar;Proposed Ramsar;SSSI;Marine Conservation Area;Local Nature Reserve;Local Wildlife SIte;National Parks and the Broads;AONB;Heritage Coast,,,,,,,,,,,,,,,,,,,,,,Sites that have protection through legislation in recognition of biodiversity and geological value,,,,,,,,,,Biological Record Centres,,,,,,,,,,,,,,
Protected species,Backlog,Backlog,,,,,,,,,,,,,,,,,,,,,,,"Threatened, vulnerable or endangered species which are protected from extinction",,,✓,,,,,,,Biological Record Centres,,,,,,,,,,,,,,
Protected views,Backlog,Backlog,,,,,,,,,,,✓,,,,,,,,,,,,Legal requirement to preserve the view of a specific place or historic building from another location,,The Town and Country Planning (General Permitted Development) (England) (Amendment) (No. 2) Order 2020,✓,,,,,,,"GLA, Local Planning Authorities",,,,,,,,,,,,,,
Protected wreck sites,On the platform,On the platform,,,,,,,,,,,✓,,,,,,,✓,,,,,The restricted area around the wreck of a nationally important vessel to prevent any interference,,,✓,,,,,,,Historic England,Historic England,Single,Small,,,,,,,,Environmental planning assessment,,,
Public health service delivery performance,Archived,Archived,,,,,,,,,,,,,,,,,,,,,,,,,,,,,,,,,NHS,,,,,,,,,,,,,,
Public paths byways,Backlog,Backlog,,,,,,,,,,,,,,,,,,,,,,,Tracks and paths open to the public,,,✓,,,,,Yes,,Local planning authorities,,,,,,,,,,,,,,
Public Rights of Way (PRoW),Backlog,Backlog,,,,,,,,,,,,,,,,,,,,,,,Specific routes the public have a legal right to use across land that may be owned by a private individual ,,Countryside and Rights of Way Act 2000,✓,,,,,,,Local planning authorities,,,,,,,,,,,,,,
Public safety zone around airport,Backlog,Backlog,,,,,,,,,,,,,,,,,,,,,,,End of runway areas where development is restricted for public safety,,,✓,,,,,,,"Civil Aviation Authority, Local planning authorities",,,,,,,,,,,,,,
Public Transport Accessibility Levels (PTAL),Backlog,Backlog,,,,,,,,,,,,,,,,,,,,,,,"A detailed and accurate measure of the accessibility of a point to the public transport network, taking into account walk access time and service availability",,,✓,,✓,,,,,Transport for London,,,,,,,,,,,Barnet council,,,
Public transport timetables,Archived,Archived,,,,,,,,,,,,,,,,,,,,,,✓,Information on timings of all forms of public transport,,,,,,,,,,,,,,,,,https://data.gov.uk/dataset/0447f8d9-8f1b-4a68-bbc8-246981d02256/traveline-national-dataset,,,,,,,
Radon,Backlog,Backlog,,,,,,,,,,,,✓,,,,,,,,,,✓,A naturally occurring radioactive gas which may be found in high concentrations in indoor environments,,,✓,,,✓,,,,British Geological Survey,,,,,,,https://www.bgs.ac.uk/datasets/radon-data-indicative-atlas-of-radon/,https://www.bgs.ac.uk/download/radon-potential-indicative-atlas-data-for-great-britain/#,,,Development consent orders (NSIP),,,
Railway tracks,Backlog,Backlog,,,,,,,,,,,,,,,,,,✓,,,,,The structures that trains run on,,,✓,,,,,,,Ordnance Survey,,,,,,,,,,,Environmental planning assessment,,,
Rainfall data,Archived,Archived,,,,,,,,,,,,✓,,,,,,,,,,✓,Rainfall measurements across the UK,,,✓,,✓,,,,,Environment Agency,,,,,,,https://environment.data.gov.uk/flood-monitoring/doc/rainfall,,,,Development consent orders (NSIP),,,
Ramsar,On the platform,On the platform,Protected sites,,,,,,,✓,,,✓,✓,,,,✓,,,,,,✓,An area of wetlands that is of international importance ,,,✓,,,,,,,Natural England,Natural England,Single,Small,,,,,,,,Development consent orders (NSIP);Environmental planning assessment,18,41,
Recorded flood outlines,Archived,Archived,,,,,,,,,,,,,,,,,,,,,,,"Records of historic flooding from rivers, the sea, groundwater and surface water",,,,,,,,,,Environment Agency,,,,,,,,,,,,,,
Regional flood and coastal committees,Archived,Archived,,,,,,,,,,,,,,,,,,,,,,,Boundaries of the regional flood and coastal committees in England,,,,,,,,,,Environment Agency,,,,,,,,,,,,,,
Regionally important geological site,Backlog,Backlog,,,,,,,,,,,,,,,,,,,,,,,"Regionally important geological sites (RIGS) are the most important designated sites for geology and geomorphology, representing educational, historical and recreational resources. In London, RIGS sites should be protected as set out in Policy G9 of the London Plan",,,✓,,,,,,,Local planning authorities,,,,,,,,,,,,,,
Religious buildings,Backlog,Backlog,,,,,,,,,,,,,,,,,,✓,,,,,Structures created for worship,,,✓,,,,,,,Ordnance Survey,,,,,,,,,,,Environmental planning assessment,,,
Renewable energy planning database (REPD),Archived,Archived,,,,,,,,,,,,,,,,,,,,,,,Progress tracking of UK renewable electricity projects over 150kW,,,,,,,,,,BEIS,,,,,,,,,,,,,,
Reservoirs,Backlog,Backlog,Watercourses,,,,,,,,,,,,,,,,,,,,,,Artificial lakes where water is collected and stored,,,✓,,,,,,,Canal and Riover Trust,,,,,,,,,,,,,,
Retail opportunity areas,Archived,Archived,,,,,,,,,,,✓,,,,,,,,,,,,Appropriate areas for improvement for retail and regeneration ,,,✓,,,✓,,,,,,,,,,,,,,,,,,
Risk of flooding from rivers and seas – postcodes,Archived,Archived,,,,,,,,,,,,✓,,,,,,,,,,✓,Postcodes where there is a chance of flooding from rivers and/or the sea,,,✓,,,,,,,,,,,,,,https://ckan.publishing.service.gov.uk/dataset/risk-of-flooding-from-rivers-and-sea-postcodes-in-areas-at-risk,,,,Development consent orders (NSIP),,,
Risk of flooding from rivers and seas – properties,Archived,Archived,,,,,,,,,,,,✓,,,,,,,,,,✓,Properties where there is a chance of flooding from rivers and/or the sea,,,✓,,,,,,,,,,,,,,https://ckan.publishing.service.gov.uk/dataset/risk-of-flooding-from-rivers-and-sea-properties-in-areas-at-risk,,,,Development consent orders (NSIP),,,
Risk of flooding from surface water,Archived,Archived,,,,,,,,,,,,✓,,,,,,,,,,✓,Areas where there is risk of flooding from excessive rainfall,,,✓,,,,,,,,,,,,,,https://data.gov.uk/dataset/95ea1c96-f3dd-4f92-b41f-ef21603a2802/risk-of-flooding-from-surface-water-extent-3-3-percent-annual-chance,,,,Development consent orders (NSIP),,,
River basin districts,Backlog,Backlog,,,,,,,,,,,,,,,,,,,,,,,"Areas of land and sea, made up of one or more neighbouring river basins together with their associated groundwaters and coastal waters",,,✓,,,,,,,Environment Agency,,,,,,,,,,,,,,
River corridor features,Archived,Archived,,,,,,,,,,,,,,,,,,,,,,,"Habitats, flow types and physical features of a watercourse",,,,,,,,,,Biological Record Centres,,,,,,,,,,,,,,
Road classification,Backlog,Screen,Classified roads,,,https://docs.google.com/document/d/199-f6cigd4WcQm2jFDlb7qt3HrriLPkvY95qNzbQ-34/edit#heading=h.lb9do641w06g,,,,✓,,,,,,,,,,,,,,,"The system of roads classification that all UK roads (excluding motorways) fall into - A roads, B roads, classified unnumbered, unclassified",,,✓,,✓,,,,,,,,,,,,,,,,,,,
"Roadways, footways and footpaths",Archived,Archived,,,,,,,,,,,,,,,,,,,,,,,,,,,,,,,,,Local planning authorities,,,,,,,,,,,,,,
Rocky shores,Archived,Archived,,,,,,,,,,,,,,,✓,,,,,,,,Seacoasts where solid rock predominates,,,,,,,,,,,,,,,,,,,,,,,,
Safeguarded aerodromes,Backlog,Archived,Safeguarded military explosives site,,,,,,,,,,✓,,,,,,,,,,,,"Areas designed to protect aircraft from obstacles when manoeuvring on the ground, taking off, landing or flying in the vicinity of the aerodrome",,,✓,,,,,,,,,,,,,,,,,,,,,
Safeguarded land,Backlog,Screen,,,,https://docs.google.com/document/d/1BrSkKUzocPAV1OlMkZC0kwIgKWg2W5vq22i4vjN38T0/edit#heading=h.lb9do641w06g,,,,✓,,,,,,,,,,,,,,,A planning mechanism to make sure land which has been identified for development in the future is protected from conflicting development,,,✓,,,,,,,,,,,,,,,,,,,,,
Safeguarded wharves,Backlog,Backlog,,,,,,,,,,,✓,,,,,,,,,,,,Wharves in London which have been given special status to ensure they are retained as working wharves and are protected from redevelopment,,,✓,,,,,,,,,,,,,,,,,,,,,
"Safeguarding aerodromes, technical sites and military explosives storage areas",Backlog,Backlog,Safeguarded aerodromes,,,,,,,,,,✓,,,,,,,,,,,,"Areas which are safeguarded specifically for aerodromes, technical sites and military explosives storage.",,,✓,,,,,,,Civil Aviation Authority,,,,,,,,,,,,,,
Safety hazard areas,Backlog,Archived,Health and Safety Executive Consultation (HSE) Zones,,,https://docs.google.com/document/d/1YgFbQ_-ye98hrGYQg9j5HXtPeVrr8Zcx_08NHAlWe6c/edit,,,,✓,,,,,,,,,,,,,,,,,,✓,,,,,,,,,,,,,,,,,,,,51,
Scheduled monuments,On the platform,On the platform,,,,,,,,✓,,,✓,✓,,,,✓,,,,,,✓,A site that's legally protected because of its historical importance,,,✓,,,,,,,Historic England,Historic England,Single,Small,,,,,,,,Development consent orders (NSIP);Environmental planning assessment,,,
School catchment areas,Backlog,Backlog,,,,,,,,,,,,,,,,,,,,,,,Geographical area surrounding a school from which it will usually take most of its pupils,,,✓,,,,,Yes,,Education Authorities (e.g. Counties / Unitary),,,,,,,,,,,,,,
Seabird nesting counts,Backlog,Backlog,,,,,,,,,,,,,,,,,,,,,,,Counts of breeding seabirds,,,✓,,,,,,,Joint Nature Conservation Committee,,,,,,,,,,,,,,
Secondary healthcare,Backlog,Backlog,,,,,,,,,,,,,,,,,,,,,,,"Secondary healthcare includes facilities where patients have been referred, such as hospitals, mental health services, community health facilities and sexual health services",,,✓,,,,,,,"NHS, ICB",,,,,,,,,,,,,,
Secondary schools,Backlog,Backlog,,,,,,,,,,,,,,,,,,,,,,,Secondary education for children from 11 to 16,,,✓,,,,,,,Education Authorities (e.g. Counties / Unitary),,,,,,,,,,,,,,
Section 73,Backlog,Archived,Planning application variance,,,,,,,✓,,,,,,,,,,,,,,,Applications for planning permission to develop land without complying with previously imposed planning conditions,,,,,,,,,,,,,,,,,,,,,,,,
Self and custom build area,Backlog,Backlog,,,,,,,,,,,,,,,,,,,,,,,Plots for custom and self-build homes,,,✓,,,,,,,Local planning authorities,,,,,,,,,,,,,,
Sensitive areas - nitrates,Backlog,Backlog,,,,,,,,,,,,,,,,,,,,,,,Areas designated as being at risk from agricultural nitrate pollution,,,✓,,,,,,,Natural England,,,,,,,,,,,,,,
Shallow coal mine workings,Archived,Archived,,,,,,,,,,,,,,,,,,,,,,,Shallow coal mine workings are derived from the Coal Authority’s records of underground coal mine workings,,,,,,,,,,Coal Authority,,,,,,,,,,,,,,
Shellfish waters,Backlog,Backlog,,,,,,,,,,,,,,,,,,,,,,,Areas designated for the protection of shellfish growth and production,,,✓,,,,,,,"Centre for Environment, Fisheries and Aquaculture Science",,,,,,,,,,,,,,
Site allocations,Backlog,Co-design,,,,,,Faster local plans;Modern planning software,,,,,✓,,,,,,,,,,,,"Areas identified as sites for housing, employment, retail or green space to be developed in the future",,,✓,,✓,✓,,Yes,,Local planning authorities,,,,,,,,,,,,7,42,
Sites of importance for nature conservation,Next,Backlog,,,,https://docs.google.com/document/d/1VbAfgd7dFrODkCpFEKFLAgAUfeodNTqEiDt1rL3cOO4/edit#heading=h.9rwg3m580tpf,,,Medium,✓,,,,,,,,,,✓,,,,,Defined areas identified and selected for their nature conservation value,,,✓,,,,,,,Local planning authorities,,,,,,,,,,,Environmental planning assessment,,,
Sites of special scientific interest,On the platform,On the platform,Protected sites,,,,,,,✓,,,✓,✓,,,,✓,,,,,,✓,A protected area that’s of particular interest to science due to rare species of fauna or flora or important geological or physiological features,,,✓,,,,,,The Wildlife Trust,Local planning authorities,Natural England,Single,Small,,,,,,,,Development consent orders (NSIP);Environmental planning assessment,,,
Smoke control area,Backlog,Backlog,,,,,,,,,,,,,,,,,,,,,,,"Areas where:
- you cannot release smoke from a chimney
- you can only burn authorised fuel, unless you use an appliance approved by Defra",,,✓,,,,,,,DEFRA,,,,,,,https://uk-air.defra.gov.uk/data/sca/,,,,,,,
SOBI (Single Onshore Boreholes Index),Archived,Archived,,,,,,,,,,,,,,,,,,,,,,,"Records of boreholes, shafts and wells from all forms of drilling and site investigation work ",,,,,,,,,,British Geological Survey,,,,,,,,,,,,,,
Social housing,Backlog,Backlog,,,,,,,,,,,,,,,,,,,,,,,"Social housing is more affordable than housing on the open market. It can be rented from housing associations or councils at reduced rents, or it can be part-sold, part-rented as shared ownership.",,,✓,,,,,Yes,,Local planning authorities,,,,,,,,,,,,,,
Soil parent material model,Archived,Archived,,,,,,,,,,,,,,,,,,,,,,,Characteristics of the upper 2–3 m of the geology beneath our feet,,,,,,,,,,British Geological Survey,,,,,,,,,,,,,,
Soil type,Archived,Archived,,,,,,,,,,,,,,,,,,,,,,,Soil landscapes of England and Wales,,,,,,,,,,Cranfield University,,,,,,,,,,,,,,
Sparsely vegetated land,Backlog,Backlog,,,,,,,,,,,,,,,✓,,,,,,,,Environments where plants are slow to establish and easily disturbed,,,✓,,,,,,,,,,,,,,,,,,,,,
Special areas of conservation,On the platform,On the platform,Protected sites,,,,,,,✓,,,✓,✓,,,,✓,,,,,,✓,An area containing wildlife or marine life habitats and species that need conservation,,Conservation of Habitats and Species Regulations 2017,✓,,,,,,,Natural England,Natural England,Single,Small,,,,,,,,Development consent orders (NSIP);Environmental planning assessment,,,
Special educational needs and disabilities (SEND),Backlog,Backlog,,,,,,,,,,,,,,,,,,,,,,,"Special educational needs and disabilities (SEND) can affect a child or young person’s ability to learn. Mainstream schools must provide access to services and extra support for SEND pupils, and there are also SEND-specific schools",,,✓,,,,,,,"Education Authority (e.g. County, Unitary)",,,,,,,,,,,,,,
Special protection areas,On the platform,On the platform,Protected sites,,,,,,,✓,,,✓,,,,,,,✓,,,,,An area containing bird habitats and species that need conservation,,Conservation of Habitats and Species Regulations 2017 (as amended),✓,,,,,,,Natural England,Natural England,Single,Small,,,,,,,,Environmental planning assessment,,,
Special roadside verges,Backlog,Backlog,,,,,,,,,,,,,,,,,,,,,,,Uncultivated areas of grassland next to roads in an intensively farmed landscape,,,✓,,,,,,,Biological Record Centres,,,,,,,,,,,,,,
Species data,Archived,Archived,,,,,,,,,,,,,,,,,,,,,,,Curated database of UK wildlife taxonomy ,,,,,,,,,,NBN Atlas,,,,,,,,,,,,,,
Strategic Industrial Location (SIL),Backlog,Backlog,,,,,,,,,,,,,,,,,,,,,,,"London’s largest concentrations of industrial, logistics and related capacity for uses that support the functioning of London’s economy",,,✓,,,,,Yes,,Local planning authorities,,,,,,,,,,,,,,
Strategic road network,Backlog,Backlog,,,,,,,,,,,,,,,,,,,,,,,"4,500 miles of motorways and major A roads ",,,✓,,,,,,,Highways England,,,,,,,,,,,,,,
Suitable Alternative Natural Greenspace (SANG),Backlog,Backlog,,,,,,,,,,,,,,,,,,,,,,,SANG provides an alternative greenspace to attract residents of new developments away from the protected and vulnerable sites,,Conservation of Habitats and Species Regulations 2017 (as amended),✓,,,,,,,Local planning authorities,,,,,,,,,,,,,,
Supplementary planning document (SPD),Backlog,Backlog,,,,,,,,,,,,,,,,,,,,,,,"Detailed advice or guidance on policies in an adopted local plan, and a material consideration in decision-making",,,✓,,,✓,,,,Local planning authorities,,,,,,,,,,,,,,
Tennis courts,Backlog,Backlog,,,,,,,,,,,,,,,,,,✓,,,,,Courts or areas with a net across the middle used for playing tennis,,,✓,,,,,,,Local planning authorities,,,,,,,,,,,Environmental planning assessment,,,
TOID,Archived,Archived,,,,,,,,,,,,,,,,,,,,,,✓,A unique reference identifier assigned by Ordnance Survey to identify every topographical feature ,,,,,,,,,,,,,,,,,https://osdatahub.os.uk/downloads/open/OpenTOID,,,,,,,
Town centre boundaries,Archived,Archived,,,,,,,,,,,✓,,,,,,,,,,,,"Location, extent and function of retail areas",,,,,,,,Yes,,Local planning authorities,,,,,,,,,,,,,,
Traditional orchards,Backlog,Backlog,Historic Orchard Sites,,,,,,,,,,,,,,,,,,,,,,"Traditional orchards are priority habitats that are groups of fruit and nut trees planted on vigorous rootstocks at low densities in permanent grassland, and managed in a low intensity way",,,✓,,,,,,,Natural England,,,,,,,,,,,,,,
Traffic schemes,Archived,Archived,,,,,,,,,,,,,,,,,,,,,,,Scheme to reduce motor vehicle traffic in residential streets,,,,,,,,Yes,,Local planning authorities,,,,,,,,,,,,,,
Transaction data,Archived,Archived,,,,,,,,,,,,,,,,,,,,,,✓,Records of land transactions,,,,,,,,,,,,,,,,,https://www.gov.uk/guidance/hm-land-registry-transaction-data,,,,,,,
Transport (under TCPA route),Archived,Archived,,,,,,,,,,,✓,,,,,,,,,,,,"Different types of transport infrastructure including walking and cycling routes, public transport, parking, large scale transport facilities such as ports, airports and interchanges for rail freight",,,,,,,,,,,,,,,,,,,,,,,,
Traveline national dataset,Archived,Archived,,,,,,,,,,,,,,,,,,,,,,,"Public transport timetables for bus, light rail, tram and ferry services",,,,,,,,,,Department for Transport,,,,,,,,,,,,,,
Tree preservation orders,Piloting,On the platform,,,,,,,,✓,,,✓,,,,,,,,,,,,The order document that protects a tree or group of trees,,,✓,✓,,✓,,Yes,,Local planning authorities,Local planning authorities,Multiple,Large,,,,,,,,Open planning software,11,43,https://digital-land.github.io/specification/specification/tree-preservation-order/
UK airport data,Backlog,Backlog,,,,,,,,,,,,,,,,,,,,,,,The presence of passenger and cargo airports in the UK.,,,✓,,,,,,,Civil Aviation Authority,,,,,,,,,,,,,,
UK house price data,Archived,Archived,,,,,,,,,,,,✓,,,,,,,,,,✓,Changes in the value of residential properties,,,,,✓,,,,,,,,,,,,https://www.gov.uk/government/collections/uk-house-price-index-reports#about-the-uk-hpi,,,,Development consent orders (NSIP),,,
Unitary Authority,Backlog,Backlog,,,,,,,,,,,,,,,,,,,,,,,Where county and district councils in ‘two-tier’ areas are replaced with a single tier of ‘unitary’ authorities responsible for all functions of county and district councils,,,✓,,,,,,,,,,,,,,,,,,,,,
UPRN,Backlog,Backlog,,,,,,,,,,,,✓,,,,,,,,,,✓,Unique Property Reference Number (UPRN) is the unique identifier for every addressable location in the UK,,,✓,,,,,,,,,,,,,,https://osdatahub.os.uk/downloads/open/OpenUPRN,,,,Development consent orders (NSIP),,,
Urban development area,Archived,Archived,,,,,,,,,,,✓,,,,,,,,,,,,"Comprising residential, growth zones, commercial, industrial, public-use, and mixed-use zones",,,,,,,,Yes,,Local planning authorities,,,,,,,,,,,,,,
Use class,Backlog,Backlog,,,,,,,,,,,✓,,,,,,,,✓,,✓,,Legal framework which determines what a particular property may be used for by its lawful occupants,,,✓,,✓,,,,,,,,,,,,,,,,,,,
USRN,Backlog,Backlog,,,,,,,,,,,,,,,,,,,,,,✓,Unique Street Reference Number (USRN) is an 8 digit unique identifier for every street across Great Britain,,,✓,,,,,,,,,,,,,,https://osdatahub.os.uk/downloads/open/OpenUSRN,,,,,,,
Vertical aerial photography,Archived,Archived,,,,,,,,,,,,,,,,,,,,,,✓,Airborne mapping technique,,,,,,,,,,,,,,,,,https://ckan.publishing.service.gov.uk/dataset/vertical-aerial-photography,,,,,,,
Waste and recycling facilities,Backlog,Backlog,,,,,,,,,,,,,,,,,,,,,,,"Specialist locations where waste is taken to be sorted, separated, and recycled",,,✓,,,,,,,"Minerals and Waste Authority (e.g. County, Unitary)",,,,,,,,,,,,,,
Waste and recycling statistics,Backlog,Backlog,,,,,,TBC,,,,,✓,,,,,,,✓,,,,,Information on waste generation and management,,,,,✓,,,,,,,,,,,,,,,,Environmental planning assessment,,,
Water quality,Backlog,Backlog,,,,,,TBC,,,,,,✓,,,,,,,,,,,"The condition of water, including chemical, physical, and biological characteristics",,,✓,,✓,✓,,,,,,,,,,,,,,,Development consent orders (NSIP),,,
Water stressed areas,Backlog,Backlog,,,,,,TBC,,,,,,,,,,,,✓,,,,,Areas where the demand for water exceeds the available amount ,,,✓,,,,,,,Environment Agency,,,,,,,,,,,Environmental planning assessment,,,
Watercourses,Backlog,Archived,Main rivers;Canals;Reservoirs;Lake,,,,,TBC,,,,,,,,,✓,,,,,,,,A natural or artificial channel through which water flows,,,✓,,,,,,,,,,,,,,,,,,The biodiversity metric 4.0 and small sites metric GIS data standard,,,
Waterside regeneration zones,Archived,Archived,,,,,,,,,,,✓,,,,,,,,,,,,Regeneration areas to make the most of waterways ,,,✓,,,,,,,,,,,,,,,,,,,,,
Weather forecasting,Archived,Archived,,,,,,,,,,,,,,,,,,,,,,✓,"A prediction of what the weather will be like in an hour, tomorrow, or further in the future",,,,,,,,,,,,,,,,,https://www.metoffice.gov.uk/services/data/datapoint,,,,,,,
Wellmaster hydrogeological database index,Archived,Archived,Borehole scans,,,,,,,,,,,,,,,,,,,,,,Information on water wells and boreholes,,,,,,,,,,British Geological Survey,,,,,,,,,,,,,,
Wildbelt designations,Backlog,Backlog,,,,,,,,,,,,,,,,,,,,,,,Land currently of low biodiversity value that is designated for nature's recovery,,,✓,,,,,,,,,,,,,,,,,,,,,
Wildlife,Archived,Archived,,,,,,,,,,,,,,,,,,,,,,,Undomesticated animal species,,,✓,,,,,,,,,,,,,,,,,,,,,
World heritage sites,On the platform,On the platform,,,,,,,,✓,,,✓,✓,,,,✓,,,,,,✓,"A natural or man-made site, area, or structure that is protected because of its international importance ",,,✓,,,,,,UNESCO,Historic England,Historic England,Single,Small,,,,,,,,Development consent orders (NSIP);Environmental planning assessment,,,
